year,comunidad_autonoma,tipo_delito,numero_delitos
2013,Andalucía,12 Contra las relaciones familiares,1318.0
2013,Andalucía,12.3 Contra los derechos y deberes familiares,1317.0
2013,Andalucía,12.3.1 Quebrantamiento de los deberes de custodia,15.0
2013,Andalucía,12.3.2 Sustracción de menores,5.0
2013,Andalucía,12.3.3 Abandono de familia,1297.0
2013,Andalucía,12.99 Otros delitos contra las relaciones familiares,1.0
2013,Andalucía,8 Contra la libertad e indemnidad sexuales,532.0
2013,Aragón,12 Contra las relaciones familiares,156.0
2013,Aragón,12.3 Contra los derechos y deberes familiares,156.0
2013,Aragón,12.3.1 Quebrantamiento de los deberes de custodia,1.0
2013,Aragón,12.3.2 Sustracción de menores,1.0
2013,Aragón,12.3.3 Abandono de familia,154.0
2013,Aragón,12.99 Otros delitos contra las relaciones familiares,0.0
2013,Aragón,8 Contra la libertad e indemnidad sexuales,54.0
2013,Asturias,12 Contra las relaciones familiares,158.0
2013,Asturias,12.3 Contra los derechos y deberes familiares,158.0
2013,Asturias,12.3.1 Quebrantamiento de los deberes de custodia,0.0
2013,Asturias,12.3.2 Sustracción de menores,1.0
2013,Asturias,12.3.3 Abandono de familia,157.0
2013,Asturias,12.99 Otros delitos contra las relaciones familiares,0.0
2013,Asturias,8 Contra la libertad e indemnidad sexuales,41.0
2013,Canarias,12 Contra las relaciones familiares,417.0
2013,Canarias,12.3 Contra los derechos y deberes familiares,416.0
2013,Canarias,12.3.1 Quebrantamiento de los deberes de custodia,2.0
2013,Canarias,12.3.2 Sustracción de menores,2.0
2013,Canarias,12.3.3 Abandono de familia,412.0
2013,Canarias,12.99 Otros delitos contra las relaciones familiares,1.0
2013,Canarias,8 Contra la libertad e indemnidad sexuales,121.0
2013,Cantabria,12 Contra las relaciones familiares,46.0
2013,Cantabria,12.3 Contra los derechos y deberes familiares,45.0
2013,Cantabria,12.3.1 Quebrantamiento de los deberes de custodia,1.0
2013,Cantabria,12.3.2 Sustracción de menores,0.0
2013,Cantabria,12.3.3 Abandono de familia,44.0
2013,Cantabria,12.99 Otros delitos contra las relaciones familiares,1.0
2013,Cantabria,8 Contra la libertad e indemnidad sexuales,28.0
2013,Castilla y León,12 Contra las relaciones familiares,290.0
2013,Castilla y León,12.3 Contra los derechos y deberes familiares,289.0
2013,Castilla y León,12.3.1 Quebrantamiento de los deberes de custodia,1.0
2013,Castilla y León,12.3.2 Sustracción de menores,10.0
2013,Castilla y León,12.3.3 Abandono de familia,278.0
2013,Castilla y León,12.99 Otros delitos contra las relaciones familiares,1.0
2013,Castilla y León,8 Contra la libertad e indemnidad sexuales,138.0
2013,Castilla-La Mancha,12 Contra las relaciones familiares,293.0
2013,Castilla-La Mancha,12.3 Contra los derechos y deberes familiares,292.0
2013,Castilla-La Mancha,12.3.1 Quebrantamiento de los deberes de custodia,2.0
2013,Castilla-La Mancha,12.3.2 Sustracción de menores,0.0
2013,Castilla-La Mancha,12.3.3 Abandono de familia,290.0
2013,Castilla-La Mancha,12.99 Otros delitos contra las relaciones familiares,1.0
2013,Castilla-La Mancha,8 Contra la libertad e indemnidad sexuales,72.0
2013,Cataluña,12 Contra las relaciones familiares,819.0
2013,Cataluña,12.3 Contra los derechos y deberes familiares,819.0
2013,Cataluña,12.3.1 Quebrantamiento de los deberes de custodia,4.0
2013,Cataluña,12.3.2 Sustracción de menores,3.0
2013,Cataluña,12.3.3 Abandono de familia,812.0
2013,Cataluña,12.99 Otros delitos contra las relaciones familiares,0.0
2013,Cataluña,8 Contra la libertad e indemnidad sexuales,358.0
2013,Ceuta,12 Contra las relaciones familiares,27.0
2013,Ceuta,12.3 Contra los derechos y deberes familiares,27.0
2013,Ceuta,12.3.1 Quebrantamiento de los deberes de custodia,0.0
2013,Ceuta,12.3.2 Sustracción de menores,2.0
2013,Ceuta,12.3.3 Abandono de familia,25.0
2013,Ceuta,12.99 Otros delitos contra las relaciones familiares,0.0
2013,Ceuta,8 Contra la libertad e indemnidad sexuales,7.0
2013,Comunidad de Madrid,12 Contra las relaciones familiares,454.0
2013,Comunidad de Madrid,12.3 Contra los derechos y deberes familiares,453.0
2013,Comunidad de Madrid,12.3.1 Quebrantamiento de los deberes de custodia,1.0
2013,Comunidad de Madrid,12.3.2 Sustracción de menores,2.0
2013,Comunidad de Madrid,12.3.3 Abandono de familia,450.0
2013,Comunidad de Madrid,12.99 Otros delitos contra las relaciones familiares,1.0
2013,Comunidad de Madrid,8 Contra la libertad e indemnidad sexuales,336.0
2013,Comunitat Valenciana,12 Contra las relaciones familiares,1002.0
2013,Comunitat Valenciana,12.3 Contra los derechos y deberes familiares,1001.0
2013,Comunitat Valenciana,12.3.1 Quebrantamiento de los deberes de custodia,4.0
2013,Comunitat Valenciana,12.3.2 Sustracción de menores,3.0
2013,Comunitat Valenciana,12.3.3 Abandono de familia,994.0
2013,Comunitat Valenciana,12.99 Otros delitos contra las relaciones familiares,1.0
2013,Comunitat Valenciana,8 Contra la libertad e indemnidad sexuales,386.0
2013,Extremadura,12 Contra las relaciones familiares,177.0
2013,Extremadura,12.3 Contra los derechos y deberes familiares,177.0
2013,Extremadura,12.3.1 Quebrantamiento de los deberes de custodia,0.0
2013,Extremadura,12.3.2 Sustracción de menores,0.0
2013,Extremadura,12.3.3 Abandono de familia,177.0
2013,Extremadura,12.99 Otros delitos contra las relaciones familiares,0.0
2013,Extremadura,8 Contra la libertad e indemnidad sexuales,69.0
2013,Galicia,12 Contra las relaciones familiares,298.0
2013,Galicia,12.3 Contra los derechos y deberes familiares,295.0
2013,Galicia,12.3.1 Quebrantamiento de los deberes de custodia,1.0
2013,Galicia,12.3.2 Sustracción de menores,1.0
2013,Galicia,12.3.3 Abandono de familia,293.0
2013,Galicia,12.99 Otros delitos contra las relaciones familiares,3.0
2013,Galicia,8 Contra la libertad e indemnidad sexuales,122.0
2013,Illes Balears,12 Contra las relaciones familiares,241.0
2013,Illes Balears,12.3 Contra los derechos y deberes familiares,241.0
2013,Illes Balears,12.3.1 Quebrantamiento de los deberes de custodia,2.0
2013,Illes Balears,12.3.2 Sustracción de menores,0.0
2013,Illes Balears,12.3.3 Abandono de familia,239.0
2013,Illes Balears,12.99 Otros delitos contra las relaciones familiares,0.0
2013,Illes Balears,8 Contra la libertad e indemnidad sexuales,77.0
2013,La Rioja,12 Contra las relaciones familiares,17.0
2013,La Rioja,12.3 Contra los derechos y deberes familiares,17.0
2013,La Rioja,12.3.1 Quebrantamiento de los deberes de custodia,0.0
2013,La Rioja,12.3.2 Sustracción de menores,0.0
2013,La Rioja,12.3.3 Abandono de familia,17.0
2013,La Rioja,12.99 Otros delitos contra las relaciones familiares,0.0
2013,La Rioja,8 Contra la libertad e indemnidad sexuales,38.0
2013,Melilla,12 Contra las relaciones familiares,4.0
2013,Melilla,12.3 Contra los derechos y deberes familiares,2.0
2013,Melilla,12.3.1 Quebrantamiento de los deberes de custodia,0.0
2013,Melilla,12.3.2 Sustracción de menores,0.0
2013,Melilla,12.3.3 Abandono de familia,2.0
2013,Melilla,12.99 Otros delitos contra las relaciones familiares,2.0
2013,Melilla,8 Contra la libertad e indemnidad sexuales,14.0
2013,Navarra,12 Contra las relaciones familiares,62.0
2013,Navarra,12.3 Contra los derechos y deberes familiares,62.0
2013,Navarra,12.3.1 Quebrantamiento de los deberes de custodia,0.0
2013,Navarra,12.3.2 Sustracción de menores,0.0
2013,Navarra,12.3.3 Abandono de familia,62.0
2013,Navarra,12.99 Otros delitos contra las relaciones familiares,0.0
2013,Navarra,8 Contra la libertad e indemnidad sexuales,39.0
2013,País Vasco,12 Contra las relaciones familiares,165.0
2013,País Vasco,12.3 Contra los derechos y deberes familiares,165.0
2013,País Vasco,12.3.1 Quebrantamiento de los deberes de custodia,0.0
2013,País Vasco,12.3.2 Sustracción de menores,2.0
2013,País Vasco,12.3.3 Abandono de familia,163.0
2013,País Vasco,12.99 Otros delitos contra las relaciones familiares,0.0
2013,País Vasco,8 Contra la libertad e indemnidad sexuales,97.0
2013,Región de Murcia,12 Contra las relaciones familiares,338.0
2013,Región de Murcia,12.3 Contra los derechos y deberes familiares,338.0
2013,Región de Murcia,12.3.1 Quebrantamiento de los deberes de custodia,1.0
2013,Región de Murcia,12.3.2 Sustracción de menores,0.0
2013,Región de Murcia,12.3.3 Abandono de familia,337.0
2013,Región de Murcia,12.99 Otros delitos contra las relaciones familiares,0.0
2013,Región de Murcia,8 Contra la libertad e indemnidad sexuales,99.0
2014,Andalucía,12 Contra las relaciones familiares,1377.0
2014,Andalucía,12.3 Contra los derechos y deberes familiares,1375.0
2014,Andalucía,12.3.1 Quebrantamiento de los deberes de custodia,10.0
2014,Andalucía,12.3.2 Sustracción de menores,5.0
2014,Andalucía,12.3.3 Abandono de familia,1360.0
2014,Andalucía,12.99 Otros delitos contra las relaciones familiares,2.0
2014,Andalucía,8 Contra la libertad e indemnidad sexuales,495.0
2014,Aragón,12 Contra las relaciones familiares,149.0
2014,Aragón,12.3 Contra los derechos y deberes familiares,148.0
2014,Aragón,12.3.1 Quebrantamiento de los deberes de custodia,0.0
2014,Aragón,12.3.2 Sustracción de menores,1.0
2014,Aragón,12.3.3 Abandono de familia,147.0
2014,Aragón,12.99 Otros delitos contra las relaciones familiares,1.0
2014,Aragón,8 Contra la libertad e indemnidad sexuales,42.0
2014,Asturias,12 Contra las relaciones familiares,183.0
2014,Asturias,12.3 Contra los derechos y deberes familiares,183.0
2014,Asturias,12.3.1 Quebrantamiento de los deberes de custodia,0.0
2014,Asturias,12.3.2 Sustracción de menores,7.0
2014,Asturias,12.3.3 Abandono de familia,176.0
2014,Asturias,12.99 Otros delitos contra las relaciones familiares,0.0
2014,Asturias,8 Contra la libertad e indemnidad sexuales,26.0
2014,Canarias,12 Contra las relaciones familiares,416.0
2014,Canarias,12.3 Contra los derechos y deberes familiares,416.0
2014,Canarias,12.3.1 Quebrantamiento de los deberes de custodia,1.0
2014,Canarias,12.3.2 Sustracción de menores,0.0
2014,Canarias,12.3.3 Abandono de familia,415.0
2014,Canarias,12.99 Otros delitos contra las relaciones familiares,0.0
2014,Canarias,8 Contra la libertad e indemnidad sexuales,186.0
2014,Cantabria,12 Contra las relaciones familiares,72.0
2014,Cantabria,12.3 Contra los derechos y deberes familiares,71.0
2014,Cantabria,12.3.1 Quebrantamiento de los deberes de custodia,4.0
2014,Cantabria,12.3.2 Sustracción de menores,2.0
2014,Cantabria,12.3.3 Abandono de familia,65.0
2014,Cantabria,12.99 Otros delitos contra las relaciones familiares,1.0
2014,Cantabria,8 Contra la libertad e indemnidad sexuales,26.0
2014,Castilla y León,12 Contra las relaciones familiares,263.0
2014,Castilla y León,12.3 Contra los derechos y deberes familiares,263.0
2014,Castilla y León,12.3.1 Quebrantamiento de los deberes de custodia,0.0
2014,Castilla y León,12.3.2 Sustracción de menores,0.0
2014,Castilla y León,12.3.3 Abandono de familia,263.0
2014,Castilla y León,12.99 Otros delitos contra las relaciones familiares,0.0
2014,Castilla y León,8 Contra la libertad e indemnidad sexuales,87.0
2014,Castilla-La Mancha,12 Contra las relaciones familiares,353.0
2014,Castilla-La Mancha,12.3 Contra los derechos y deberes familiares,353.0
2014,Castilla-La Mancha,12.3.1 Quebrantamiento de los deberes de custodia,1.0
2014,Castilla-La Mancha,12.3.2 Sustracción de menores,4.0
2014,Castilla-La Mancha,12.3.3 Abandono de familia,348.0
2014,Castilla-La Mancha,12.99 Otros delitos contra las relaciones familiares,0.0
2014,Castilla-La Mancha,8 Contra la libertad e indemnidad sexuales,72.0
2014,Cataluña,12 Contra las relaciones familiares,899.0
2014,Cataluña,12.3 Contra los derechos y deberes familiares,896.0
2014,Cataluña,12.3.1 Quebrantamiento de los deberes de custodia,1.0
2014,Cataluña,12.3.2 Sustracción de menores,9.0
2014,Cataluña,12.3.3 Abandono de familia,886.0
2014,Cataluña,12.99 Otros delitos contra las relaciones familiares,3.0
2014,Cataluña,8 Contra la libertad e indemnidad sexuales,376.0
2014,Ceuta,12 Contra las relaciones familiares,17.0
2014,Ceuta,12.3 Contra los derechos y deberes familiares,13.0
2014,Ceuta,12.3.1 Quebrantamiento de los deberes de custodia,0.0
2014,Ceuta,12.3.2 Sustracción de menores,0.0
2014,Ceuta,12.3.3 Abandono de familia,13.0
2014,Ceuta,12.99 Otros delitos contra las relaciones familiares,4.0
2014,Ceuta,8 Contra la libertad e indemnidad sexuales,8.0
2014,Comunidad de Madrid,12 Contra las relaciones familiares,643.0
2014,Comunidad de Madrid,12.3 Contra los derechos y deberes familiares,641.0
2014,Comunidad de Madrid,12.3.1 Quebrantamiento de los deberes de custodia,3.0
2014,Comunidad de Madrid,12.3.2 Sustracción de menores,2.0
2014,Comunidad de Madrid,12.3.3 Abandono de familia,636.0
2014,Comunidad de Madrid,12.99 Otros delitos contra las relaciones familiares,2.0
2014,Comunidad de Madrid,8 Contra la libertad e indemnidad sexuales,308.0
2014,Comunitat Valenciana,12 Contra las relaciones familiares,1085.0
2014,Comunitat Valenciana,12.3 Contra los derechos y deberes familiares,1084.0
2014,Comunitat Valenciana,12.3.1 Quebrantamiento de los deberes de custodia,6.0
2014,Comunitat Valenciana,12.3.2 Sustracción de menores,3.0
2014,Comunitat Valenciana,12.3.3 Abandono de familia,1075.0
2014,Comunitat Valenciana,12.99 Otros delitos contra las relaciones familiares,1.0
2014,Comunitat Valenciana,8 Contra la libertad e indemnidad sexuales,374.0
2014,Extremadura,12 Contra las relaciones familiares,232.0
2014,Extremadura,12.3 Contra los derechos y deberes familiares,232.0
2014,Extremadura,12.3.1 Quebrantamiento de los deberes de custodia,6.0
2014,Extremadura,12.3.2 Sustracción de menores,0.0
2014,Extremadura,12.3.3 Abandono de familia,226.0
2014,Extremadura,12.99 Otros delitos contra las relaciones familiares,0.0
2014,Extremadura,8 Contra la libertad e indemnidad sexuales,56.0
2014,Galicia,12 Contra las relaciones familiares,353.0
2014,Galicia,12.3 Contra los derechos y deberes familiares,352.0
2014,Galicia,12.3.1 Quebrantamiento de los deberes de custodia,3.0
2014,Galicia,12.3.2 Sustracción de menores,1.0
2014,Galicia,12.3.3 Abandono de familia,348.0
2014,Galicia,12.99 Otros delitos contra las relaciones familiares,1.0
2014,Galicia,8 Contra la libertad e indemnidad sexuales,124.0
2014,Illes Balears,12 Contra las relaciones familiares,244.0
2014,Illes Balears,12.3 Contra los derechos y deberes familiares,244.0
2014,Illes Balears,12.3.1 Quebrantamiento de los deberes de custodia,0.0
2014,Illes Balears,12.3.2 Sustracción de menores,0.0
2014,Illes Balears,12.3.3 Abandono de familia,244.0
2014,Illes Balears,12.99 Otros delitos contra las relaciones familiares,0.0
2014,Illes Balears,8 Contra la libertad e indemnidad sexuales,72.0
2014,La Rioja,12 Contra las relaciones familiares,29.0
2014,La Rioja,12.3 Contra los derechos y deberes familiares,29.0
2014,La Rioja,12.3.1 Quebrantamiento de los deberes de custodia,0.0
2014,La Rioja,12.3.2 Sustracción de menores,0.0
2014,La Rioja,12.3.3 Abandono de familia,29.0
2014,La Rioja,12.99 Otros delitos contra las relaciones familiares,0.0
2014,La Rioja,8 Contra la libertad e indemnidad sexuales,20.0
2014,Melilla,12 Contra las relaciones familiares,12.0
2014,Melilla,12.3 Contra los derechos y deberes familiares,11.0
2014,Melilla,12.3.1 Quebrantamiento de los deberes de custodia,0.0
2014,Melilla,12.3.2 Sustracción de menores,0.0
2014,Melilla,12.3.3 Abandono de familia,11.0
2014,Melilla,12.99 Otros delitos contra las relaciones familiares,1.0
2014,Melilla,8 Contra la libertad e indemnidad sexuales,15.0
2014,Navarra,12 Contra las relaciones familiares,59.0
2014,Navarra,12.3 Contra los derechos y deberes familiares,57.0
2014,Navarra,12.3.1 Quebrantamiento de los deberes de custodia,0.0
2014,Navarra,12.3.2 Sustracción de menores,0.0
2014,Navarra,12.3.3 Abandono de familia,57.0
2014,Navarra,12.99 Otros delitos contra las relaciones familiares,2.0
2014,Navarra,8 Contra la libertad e indemnidad sexuales,31.0
2014,País Vasco,12 Contra las relaciones familiares,193.0
2014,País Vasco,12.3 Contra los derechos y deberes familiares,192.0
2014,País Vasco,12.3.1 Quebrantamiento de los deberes de custodia,1.0
2014,País Vasco,12.3.2 Sustracción de menores,1.0
2014,País Vasco,12.3.3 Abandono de familia,190.0
2014,País Vasco,12.99 Otros delitos contra las relaciones familiares,1.0
2014,País Vasco,8 Contra la libertad e indemnidad sexuales,91.0
2014,Región de Murcia,12 Contra las relaciones familiares,367.0
2014,Región de Murcia,12.3 Contra los derechos y deberes familiares,366.0
2014,Región de Murcia,12.3.1 Quebrantamiento de los deberes de custodia,1.0
2014,Región de Murcia,12.3.2 Sustracción de menores,0.0
2014,Región de Murcia,12.3.3 Abandono de familia,365.0
2014,Región de Murcia,12.99 Otros delitos contra las relaciones familiares,1.0
2014,Región de Murcia,8 Contra la libertad e indemnidad sexuales,83.0
2015,Andalucía,12 Contra las relaciones familiares,1506.0
2015,Andalucía,12.3 Contra los derechos y deberes familiares,1503.0
2015,Andalucía,12.3.1 Quebrantamiento de los deberes de custodia,11.0
2015,Andalucía,12.3.2 Sustracción de menores,3.0
2015,Andalucía,12.3.3 Abandono de familia,1489.0
2015,Andalucía,12.99 Otros delitos contra las relaciones familiares,3.0
2015,Andalucía,8 Contra la libertad e indemnidad sexuales,451.0
2015,Aragón,12 Contra las relaciones familiares,135.0
2015,Aragón,12.3 Contra los derechos y deberes familiares,135.0
2015,Aragón,12.3.1 Quebrantamiento de los deberes de custodia,3.0
2015,Aragón,12.3.2 Sustracción de menores,1.0
2015,Aragón,12.3.3 Abandono de familia,131.0
2015,Aragón,12.99 Otros delitos contra las relaciones familiares,0.0
2015,Aragón,8 Contra la libertad e indemnidad sexuales,66.0
2015,Asturias,12 Contra las relaciones familiares,165.0
2015,Asturias,12.3 Contra los derechos y deberes familiares,165.0
2015,Asturias,12.3.1 Quebrantamiento de los deberes de custodia,0.0
2015,Asturias,12.3.2 Sustracción de menores,0.0
2015,Asturias,12.3.3 Abandono de familia,165.0
2015,Asturias,12.99 Otros delitos contra las relaciones familiares,0.0
2015,Asturias,8 Contra la libertad e indemnidad sexuales,42.0
2015,Canarias,12 Contra las relaciones familiares,449.0
2015,Canarias,12.3 Contra los derechos y deberes familiares,449.0
2015,Canarias,12.3.1 Quebrantamiento de los deberes de custodia,1.0
2015,Canarias,12.3.2 Sustracción de menores,1.0
2015,Canarias,12.3.3 Abandono de familia,447.0
2015,Canarias,12.99 Otros delitos contra las relaciones familiares,0.0
2015,Canarias,8 Contra la libertad e indemnidad sexuales,149.0
2015,Cantabria,12 Contra las relaciones familiares,80.0
2015,Cantabria,12.3 Contra los derechos y deberes familiares,80.0
2015,Cantabria,12.3.1 Quebrantamiento de los deberes de custodia,0.0
2015,Cantabria,12.3.2 Sustracción de menores,0.0
2015,Cantabria,12.3.3 Abandono de familia,80.0
2015,Cantabria,12.99 Otros delitos contra las relaciones familiares,0.0
2015,Cantabria,8 Contra la libertad e indemnidad sexuales,17.0
2015,Castilla y León,12 Contra las relaciones familiares,238.0
2015,Castilla y León,12.3 Contra los derechos y deberes familiares,236.0
2015,Castilla y León,12.3.1 Quebrantamiento de los deberes de custodia,2.0
2015,Castilla y León,12.3.2 Sustracción de menores,2.0
2015,Castilla y León,12.3.3 Abandono de familia,232.0
2015,Castilla y León,12.99 Otros delitos contra las relaciones familiares,2.0
2015,Castilla y León,8 Contra la libertad e indemnidad sexuales,120.0
2015,Castilla-La Mancha,12 Contra las relaciones familiares,344.0
2015,Castilla-La Mancha,12.3 Contra los derechos y deberes familiares,342.0
2015,Castilla-La Mancha,12.3.1 Quebrantamiento de los deberes de custodia,2.0
2015,Castilla-La Mancha,12.3.2 Sustracción de menores,1.0
2015,Castilla-La Mancha,12.3.3 Abandono de familia,339.0
2015,Castilla-La Mancha,12.99 Otros delitos contra las relaciones familiares,2.0
2015,Castilla-La Mancha,8 Contra la libertad e indemnidad sexuales,97.0
2015,Cataluña,12 Contra las relaciones familiares,882.0
2015,Cataluña,12.3 Contra los derechos y deberes familiares,880.0
2015,Cataluña,12.3.1 Quebrantamiento de los deberes de custodia,1.0
2015,Cataluña,12.3.2 Sustracción de menores,6.0
2015,Cataluña,12.3.3 Abandono de familia,873.0
2015,Cataluña,12.99 Otros delitos contra las relaciones familiares,2.0
2015,Cataluña,8 Contra la libertad e indemnidad sexuales,416.0
2015,Ceuta,12 Contra las relaciones familiares,8.0
2015,Ceuta,12.3 Contra los derechos y deberes familiares,8.0
2015,Ceuta,12.3.1 Quebrantamiento de los deberes de custodia,0.0
2015,Ceuta,12.3.2 Sustracción de menores,0.0
2015,Ceuta,12.3.3 Abandono de familia,8.0
2015,Ceuta,12.99 Otros delitos contra las relaciones familiares,0.0
2015,Ceuta,8 Contra la libertad e indemnidad sexuales,10.0
2015,Comunidad de Madrid,12 Contra las relaciones familiares,710.0
2015,Comunidad de Madrid,12.3 Contra los derechos y deberes familiares,709.0
2015,Comunidad de Madrid,12.3.1 Quebrantamiento de los deberes de custodia,3.0
2015,Comunidad de Madrid,12.3.2 Sustracción de menores,1.0
2015,Comunidad de Madrid,12.3.3 Abandono de familia,705.0
2015,Comunidad de Madrid,12.99 Otros delitos contra las relaciones familiares,1.0
2015,Comunidad de Madrid,8 Contra la libertad e indemnidad sexuales,321.0
2015,Comunitat Valenciana,12 Contra las relaciones familiares,1033.0
2015,Comunitat Valenciana,12.3 Contra los derechos y deberes familiares,1028.0
2015,Comunitat Valenciana,12.3.1 Quebrantamiento de los deberes de custodia,10.0
2015,Comunitat Valenciana,12.3.2 Sustracción de menores,2.0
2015,Comunitat Valenciana,12.3.3 Abandono de familia,1016.0
2015,Comunitat Valenciana,12.99 Otros delitos contra las relaciones familiares,5.0
2015,Comunitat Valenciana,8 Contra la libertad e indemnidad sexuales,345.0
2015,Extremadura,12 Contra las relaciones familiares,256.0
2015,Extremadura,12.3 Contra los derechos y deberes familiares,256.0
2015,Extremadura,12.3.1 Quebrantamiento de los deberes de custodia,20.0
2015,Extremadura,12.3.2 Sustracción de menores,1.0
2015,Extremadura,12.3.3 Abandono de familia,235.0
2015,Extremadura,12.99 Otros delitos contra las relaciones familiares,0.0
2015,Extremadura,8 Contra la libertad e indemnidad sexuales,82.0
2015,Galicia,12 Contra las relaciones familiares,343.0
2015,Galicia,12.3 Contra los derechos y deberes familiares,343.0
2015,Galicia,12.3.1 Quebrantamiento de los deberes de custodia,3.0
2015,Galicia,12.3.2 Sustracción de menores,3.0
2015,Galicia,12.3.3 Abandono de familia,337.0
2015,Galicia,12.99 Otros delitos contra las relaciones familiares,0.0
2015,Galicia,8 Contra la libertad e indemnidad sexuales,92.0
2015,Illes Balears,12 Contra las relaciones familiares,278.0
2015,Illes Balears,12.3 Contra los derechos y deberes familiares,278.0
2015,Illes Balears,12.3.1 Quebrantamiento de los deberes de custodia,0.0
2015,Illes Balears,12.3.2 Sustracción de menores,0.0
2015,Illes Balears,12.3.3 Abandono de familia,278.0
2015,Illes Balears,12.99 Otros delitos contra las relaciones familiares,0.0
2015,Illes Balears,8 Contra la libertad e indemnidad sexuales,76.0
2015,La Rioja,12 Contra las relaciones familiares,31.0
2015,La Rioja,12.3 Contra los derechos y deberes familiares,30.0
2015,La Rioja,12.3.1 Quebrantamiento de los deberes de custodia,0.0
2015,La Rioja,12.3.2 Sustracción de menores,0.0
2015,La Rioja,12.3.3 Abandono de familia,30.0
2015,La Rioja,12.99 Otros delitos contra las relaciones familiares,1.0
2015,La Rioja,8 Contra la libertad e indemnidad sexuales,12.0
2015,Melilla,12 Contra las relaciones familiares,1.0
2015,Melilla,12.3 Contra los derechos y deberes familiares,1.0
2015,Melilla,12.3.1 Quebrantamiento de los deberes de custodia,0.0
2015,Melilla,12.3.2 Sustracción de menores,0.0
2015,Melilla,12.3.3 Abandono de familia,1.0
2015,Melilla,12.99 Otros delitos contra las relaciones familiares,0.0
2015,Melilla,8 Contra la libertad e indemnidad sexuales,11.0
2015,Navarra,12 Contra las relaciones familiares,59.0
2015,Navarra,12.3 Contra los derechos y deberes familiares,58.0
2015,Navarra,12.3.1 Quebrantamiento de los deberes de custodia,0.0
2015,Navarra,12.3.2 Sustracción de menores,0.0
2015,Navarra,12.3.3 Abandono de familia,58.0
2015,Navarra,12.99 Otros delitos contra las relaciones familiares,1.0
2015,Navarra,8 Contra la libertad e indemnidad sexuales,38.0
2015,País Vasco,12 Contra las relaciones familiares,174.0
2015,País Vasco,12.3 Contra los derechos y deberes familiares,174.0
2015,País Vasco,12.3.1 Quebrantamiento de los deberes de custodia,0.0
2015,País Vasco,12.3.2 Sustracción de menores,9.0
2015,País Vasco,12.3.3 Abandono de familia,165.0
2015,País Vasco,12.99 Otros delitos contra las relaciones familiares,0.0
2015,País Vasco,8 Contra la libertad e indemnidad sexuales,77.0
2015,Región de Murcia,12 Contra las relaciones familiares,397.0
2015,Región de Murcia,12.3 Contra los derechos y deberes familiares,396.0
2015,Región de Murcia,12.3.1 Quebrantamiento de los deberes de custodia,0.0
2015,Región de Murcia,12.3.2 Sustracción de menores,2.0
2015,Región de Murcia,12.3.3 Abandono de familia,394.0
2015,Región de Murcia,12.99 Otros delitos contra las relaciones familiares,1.0
2015,Región de Murcia,8 Contra la libertad e indemnidad sexuales,93.0
2016,Andalucía,12 Contra las relaciones familiares,1479.0
2016,Andalucía,12.3 Contra los derechos y deberes familiares,1478.0
2016,Andalucía,12.3.1 Quebrantamiento de los deberes de custodia,17.0
2016,Andalucía,12.3.2 Sustracción de menores,6.0
2016,Andalucía,12.3.3 Abandono de familia,1455.0
2016,Andalucía,12.99 Otros delitos contra las relaciones familiares,1.0
2016,Andalucía,8 Contra la libertad e indemnidad sexuales,568.0
2016,Aragón,12 Contra las relaciones familiares,141.0
2016,Aragón,12.3 Contra los derechos y deberes familiares,141.0
2016,Aragón,12.3.1 Quebrantamiento de los deberes de custodia,1.0
2016,Aragón,12.3.2 Sustracción de menores,1.0
2016,Aragón,12.3.3 Abandono de familia,139.0
2016,Aragón,12.99 Otros delitos contra las relaciones familiares,0.0
2016,Aragón,8 Contra la libertad e indemnidad sexuales,65.0
2016,Asturias,12 Contra las relaciones familiares,168.0
2016,Asturias,12.3 Contra los derechos y deberes familiares,168.0
2016,Asturias,12.3.1 Quebrantamiento de los deberes de custodia,1.0
2016,Asturias,12.3.2 Sustracción de menores,4.0
2016,Asturias,12.3.3 Abandono de familia,163.0
2016,Asturias,12.99 Otros delitos contra las relaciones familiares,0.0
2016,Asturias,8 Contra la libertad e indemnidad sexuales,43.0
2016,Canarias,12 Contra las relaciones familiares,481.0
2016,Canarias,12.3 Contra los derechos y deberes familiares,481.0
2016,Canarias,12.3.1 Quebrantamiento de los deberes de custodia,1.0
2016,Canarias,12.3.2 Sustracción de menores,1.0
2016,Canarias,12.3.3 Abandono de familia,479.0
2016,Canarias,12.99 Otros delitos contra las relaciones familiares,0.0
2016,Canarias,8 Contra la libertad e indemnidad sexuales,160.0
2016,Cantabria,12 Contra las relaciones familiares,78.0
2016,Cantabria,12.3 Contra los derechos y deberes familiares,78.0
2016,Cantabria,12.3.1 Quebrantamiento de los deberes de custodia,0.0
2016,Cantabria,12.3.2 Sustracción de menores,0.0
2016,Cantabria,12.3.3 Abandono de familia,78.0
2016,Cantabria,12.99 Otros delitos contra las relaciones familiares,0.0
2016,Cantabria,8 Contra la libertad e indemnidad sexuales,20.0
2016,Castilla y León,12 Contra las relaciones familiares,224.0
2016,Castilla y León,12.3 Contra los derechos y deberes familiares,223.0
2016,Castilla y León,12.3.1 Quebrantamiento de los deberes de custodia,1.0
2016,Castilla y León,12.3.2 Sustracción de menores,4.0
2016,Castilla y León,12.3.3 Abandono de familia,218.0
2016,Castilla y León,12.99 Otros delitos contra las relaciones familiares,1.0
2016,Castilla y León,8 Contra la libertad e indemnidad sexuales,98.0
2016,Castilla-La Mancha,12 Contra las relaciones familiares,319.0
2016,Castilla-La Mancha,12.3 Contra los derechos y deberes familiares,319.0
2016,Castilla-La Mancha,12.3.1 Quebrantamiento de los deberes de custodia,1.0
2016,Castilla-La Mancha,12.3.2 Sustracción de menores,0.0
2016,Castilla-La Mancha,12.3.3 Abandono de familia,318.0
2016,Castilla-La Mancha,12.99 Otros delitos contra las relaciones familiares,0.0
2016,Castilla-La Mancha,8 Contra la libertad e indemnidad sexuales,99.0
2016,Cataluña,12 Contra las relaciones familiares,792.0
2016,Cataluña,12.3 Contra los derechos y deberes familiares,791.0
2016,Cataluña,12.3.1 Quebrantamiento de los deberes de custodia,5.0
2016,Cataluña,12.3.2 Sustracción de menores,1.0
2016,Cataluña,12.3.3 Abandono de familia,785.0
2016,Cataluña,12.99 Otros delitos contra las relaciones familiares,1.0
2016,Cataluña,8 Contra la libertad e indemnidad sexuales,457.0
2016,Ceuta,12 Contra las relaciones familiares,27.0
2016,Ceuta,12.3 Contra los derechos y deberes familiares,27.0
2016,Ceuta,12.3.1 Quebrantamiento de los deberes de custodia,2.0
2016,Ceuta,12.3.2 Sustracción de menores,2.0
2016,Ceuta,12.3.3 Abandono de familia,23.0
2016,Ceuta,12.99 Otros delitos contra las relaciones familiares,0.0
2016,Ceuta,8 Contra la libertad e indemnidad sexuales,5.0
2016,Comunidad de Madrid,12 Contra las relaciones familiares,614.0
2016,Comunidad de Madrid,12.3 Contra los derechos y deberes familiares,607.0
2016,Comunidad de Madrid,12.3.1 Quebrantamiento de los deberes de custodia,4.0
2016,Comunidad de Madrid,12.3.2 Sustracción de menores,8.0
2016,Comunidad de Madrid,12.3.3 Abandono de familia,595.0
2016,Comunidad de Madrid,12.99 Otros delitos contra las relaciones familiares,7.0
2016,Comunidad de Madrid,8 Contra la libertad e indemnidad sexuales,291.0
2016,Comunitat Valenciana,12 Contra las relaciones familiares,1090.0
2016,Comunitat Valenciana,12.3 Contra los derechos y deberes familiares,1086.0
2016,Comunitat Valenciana,12.3.1 Quebrantamiento de los deberes de custodia,4.0
2016,Comunitat Valenciana,12.3.2 Sustracción de menores,1.0
2016,Comunitat Valenciana,12.3.3 Abandono de familia,1081.0
2016,Comunitat Valenciana,12.99 Otros delitos contra las relaciones familiares,4.0
2016,Comunitat Valenciana,8 Contra la libertad e indemnidad sexuales,357.0
2016,Extremadura,12 Contra las relaciones familiares,231.0
2016,Extremadura,12.3 Contra los derechos y deberes familiares,231.0
2016,Extremadura,12.3.1 Quebrantamiento de los deberes de custodia,10.0
2016,Extremadura,12.3.2 Sustracción de menores,1.0
2016,Extremadura,12.3.3 Abandono de familia,220.0
2016,Extremadura,12.99 Otros delitos contra las relaciones familiares,0.0
2016,Extremadura,8 Contra la libertad e indemnidad sexuales,55.0
2016,Galicia,12 Contra las relaciones familiares,360.0
2016,Galicia,12.3 Contra los derechos y deberes familiares,360.0
2016,Galicia,12.3.1 Quebrantamiento de los deberes de custodia,2.0
2016,Galicia,12.3.2 Sustracción de menores,0.0
2016,Galicia,12.3.3 Abandono de familia,358.0
2016,Galicia,12.99 Otros delitos contra las relaciones familiares,0.0
2016,Galicia,8 Contra la libertad e indemnidad sexuales,122.0
2016,Illes Balears,12 Contra las relaciones familiares,271.0
2016,Illes Balears,12.3 Contra los derechos y deberes familiares,271.0
2016,Illes Balears,12.3.1 Quebrantamiento de los deberes de custodia,1.0
2016,Illes Balears,12.3.2 Sustracción de menores,1.0
2016,Illes Balears,12.3.3 Abandono de familia,269.0
2016,Illes Balears,12.99 Otros delitos contra las relaciones familiares,0.0
2016,Illes Balears,8 Contra la libertad e indemnidad sexuales,94.0
2016,La Rioja,12 Contra las relaciones familiares,49.0
2016,La Rioja,12.3 Contra los derechos y deberes familiares,47.0
2016,La Rioja,12.3.1 Quebrantamiento de los deberes de custodia,5.0
2016,La Rioja,12.3.2 Sustracción de menores,0.0
2016,La Rioja,12.3.3 Abandono de familia,42.0
2016,La Rioja,12.99 Otros delitos contra las relaciones familiares,2.0
2016,La Rioja,8 Contra la libertad e indemnidad sexuales,10.0
2016,Melilla,12 Contra las relaciones familiares,1.0
2016,Melilla,12.3 Contra los derechos y deberes familiares,1.0
2016,Melilla,12.3.1 Quebrantamiento de los deberes de custodia,0.0
2016,Melilla,12.3.2 Sustracción de menores,0.0
2016,Melilla,12.3.3 Abandono de familia,1.0
2016,Melilla,12.99 Otros delitos contra las relaciones familiares,0.0
2016,Melilla,8 Contra la libertad e indemnidad sexuales,13.0
2016,Navarra,12 Contra las relaciones familiares,52.0
2016,Navarra,12.3 Contra los derechos y deberes familiares,52.0
2016,Navarra,12.3.1 Quebrantamiento de los deberes de custodia,2.0
2016,Navarra,12.3.2 Sustracción de menores,1.0
2016,Navarra,12.3.3 Abandono de familia,49.0
2016,Navarra,12.99 Otros delitos contra las relaciones familiares,0.0
2016,Navarra,8 Contra la libertad e indemnidad sexuales,73.0
2016,País Vasco,12 Contra las relaciones familiares,158.0
2016,País Vasco,12.3 Contra los derechos y deberes familiares,158.0
2016,País Vasco,12.3.1 Quebrantamiento de los deberes de custodia,0.0
2016,País Vasco,12.3.2 Sustracción de menores,2.0
2016,País Vasco,12.3.3 Abandono de familia,156.0
2016,País Vasco,12.99 Otros delitos contra las relaciones familiares,0.0
2016,País Vasco,8 Contra la libertad e indemnidad sexuales,86.0
2016,Región de Murcia,12 Contra las relaciones familiares,410.0
2016,Región de Murcia,12.3 Contra los derechos y deberes familiares,410.0
2016,Región de Murcia,12.3.1 Quebrantamiento de los deberes de custodia,1.0
2016,Región de Murcia,12.3.2 Sustracción de menores,2.0
2016,Región de Murcia,12.3.3 Abandono de familia,407.0
2016,Región de Murcia,12.99 Otros delitos contra las relaciones familiares,0.0
2016,Región de Murcia,8 Contra la libertad e indemnidad sexuales,105.0
2017,Andalucía,12 Contra las relaciones familiares,1519.0
2017,Andalucía,12.3 Contra los derechos y deberes familiares,1514.0
2017,Andalucía,12.3.1 Quebrantamiento de los deberes de custodia,20.0
2017,Andalucía,12.3.2 Sustracción de menores,3.0
2017,Andalucía,12.3.3 Abandono de familia,1491.0
2017,Andalucía,12.99 Otros delitos contra las relaciones familiares,5.0
2017,Andalucía,8 Contra la libertad e indemnidad sexuales,534.0
2017,Aragón,12 Contra las relaciones familiares,130.0
2017,Aragón,12.3 Contra los derechos y deberes familiares,130.0
2017,Aragón,12.3.1 Quebrantamiento de los deberes de custodia,2.0
2017,Aragón,12.3.2 Sustracción de menores,0.0
2017,Aragón,12.3.3 Abandono de familia,128.0
2017,Aragón,12.99 Otros delitos contra las relaciones familiares,0.0
2017,Aragón,8 Contra la libertad e indemnidad sexuales,88.0
2017,Asturias,12 Contra las relaciones familiares,136.0
2017,Asturias,12.3 Contra los derechos y deberes familiares,136.0
2017,Asturias,12.3.1 Quebrantamiento de los deberes de custodia,0.0
2017,Asturias,12.3.2 Sustracción de menores,3.0
2017,Asturias,12.3.3 Abandono de familia,133.0
2017,Asturias,12.99 Otros delitos contra las relaciones familiares,0.0
2017,Asturias,8 Contra la libertad e indemnidad sexuales,42.0
2017,Canarias,12 Contra las relaciones familiares,489.0
2017,Canarias,12.3 Contra los derechos y deberes familiares,489.0
2017,Canarias,12.3.1 Quebrantamiento de los deberes de custodia,6.0
2017,Canarias,12.3.2 Sustracción de menores,0.0
2017,Canarias,12.3.3 Abandono de familia,483.0
2017,Canarias,12.99 Otros delitos contra las relaciones familiares,0.0
2017,Canarias,8 Contra la libertad e indemnidad sexuales,148.0
2017,Cantabria,12 Contra las relaciones familiares,37.0
2017,Cantabria,12.3 Contra los derechos y deberes familiares,37.0
2017,Cantabria,12.3.1 Quebrantamiento de los deberes de custodia,0.0
2017,Cantabria,12.3.2 Sustracción de menores,0.0
2017,Cantabria,12.3.3 Abandono de familia,37.0
2017,Cantabria,12.99 Otros delitos contra las relaciones familiares,0.0
2017,Cantabria,8 Contra la libertad e indemnidad sexuales,25.0
2017,Castilla y León,12 Contra las relaciones familiares,191.0
2017,Castilla y León,12.3 Contra los derechos y deberes familiares,191.0
2017,Castilla y León,12.3.1 Quebrantamiento de los deberes de custodia,3.0
2017,Castilla y León,12.3.2 Sustracción de menores,3.0
2017,Castilla y León,12.3.3 Abandono de familia,185.0
2017,Castilla y León,12.99 Otros delitos contra las relaciones familiares,0.0
2017,Castilla y León,8 Contra la libertad e indemnidad sexuales,88.0
2017,Castilla-La Mancha,12 Contra las relaciones familiares,327.0
2017,Castilla-La Mancha,12.3 Contra los derechos y deberes familiares,327.0
2017,Castilla-La Mancha,12.3.1 Quebrantamiento de los deberes de custodia,2.0
2017,Castilla-La Mancha,12.3.2 Sustracción de menores,0.0
2017,Castilla-La Mancha,12.3.3 Abandono de familia,325.0
2017,Castilla-La Mancha,12.99 Otros delitos contra las relaciones familiares,0.0
2017,Castilla-La Mancha,8 Contra la libertad e indemnidad sexuales,84.0
2017,Cataluña,12 Contra las relaciones familiares,712.0
2017,Cataluña,12.3 Contra los derechos y deberes familiares,708.0
2017,Cataluña,12.3.1 Quebrantamiento de los deberes de custodia,3.0
2017,Cataluña,12.3.2 Sustracción de menores,11.0
2017,Cataluña,12.3.3 Abandono de familia,694.0
2017,Cataluña,12.99 Otros delitos contra las relaciones familiares,4.0
2017,Cataluña,8 Contra la libertad e indemnidad sexuales,457.0
2017,Ceuta,12 Contra las relaciones familiares,17.0
2017,Ceuta,12.3 Contra los derechos y deberes familiares,16.0
2017,Ceuta,12.3.1 Quebrantamiento de los deberes de custodia,0.0
2017,Ceuta,12.3.2 Sustracción de menores,0.0
2017,Ceuta,12.3.3 Abandono de familia,16.0
2017,Ceuta,12.99 Otros delitos contra las relaciones familiares,1.0
2017,Ceuta,8 Contra la libertad e indemnidad sexuales,4.0
2017,Comunidad de Madrid,12 Contra las relaciones familiares,575.0
2017,Comunidad de Madrid,12.3 Contra los derechos y deberes familiares,572.0
2017,Comunidad de Madrid,12.3.1 Quebrantamiento de los deberes de custodia,2.0
2017,Comunidad de Madrid,12.3.2 Sustracción de menores,2.0
2017,Comunidad de Madrid,12.3.3 Abandono de familia,568.0
2017,Comunidad de Madrid,12.99 Otros delitos contra las relaciones familiares,3.0
2017,Comunidad de Madrid,8 Contra la libertad e indemnidad sexuales,377.0
2017,Comunitat Valenciana,12 Contra las relaciones familiares,1066.0
2017,Comunitat Valenciana,12.3 Contra los derechos y deberes familiares,1065.0
2017,Comunitat Valenciana,12.3.1 Quebrantamiento de los deberes de custodia,9.0
2017,Comunitat Valenciana,12.3.2 Sustracción de menores,5.0
2017,Comunitat Valenciana,12.3.3 Abandono de familia,1051.0
2017,Comunitat Valenciana,12.99 Otros delitos contra las relaciones familiares,1.0
2017,Comunitat Valenciana,8 Contra la libertad e indemnidad sexuales,353.0
2017,Extremadura,12 Contra las relaciones familiares,179.0
2017,Extremadura,12.3 Contra los derechos y deberes familiares,179.0
2017,Extremadura,12.3.1 Quebrantamiento de los deberes de custodia,4.0
2017,Extremadura,12.3.2 Sustracción de menores,1.0
2017,Extremadura,12.3.3 Abandono de familia,174.0
2017,Extremadura,12.99 Otros delitos contra las relaciones familiares,0.0
2017,Extremadura,8 Contra la libertad e indemnidad sexuales,58.0
2017,Galicia,12 Contra las relaciones familiares,322.0
2017,Galicia,12.3 Contra los derechos y deberes familiares,322.0
2017,Galicia,12.3.1 Quebrantamiento de los deberes de custodia,2.0
2017,Galicia,12.3.2 Sustracción de menores,0.0
2017,Galicia,12.3.3 Abandono de familia,320.0
2017,Galicia,12.99 Otros delitos contra las relaciones familiares,0.0
2017,Galicia,8 Contra la libertad e indemnidad sexuales,124.0
2017,Illes Balears,12 Contra las relaciones familiares,274.0
2017,Illes Balears,12.3 Contra los derechos y deberes familiares,274.0
2017,Illes Balears,12.3.1 Quebrantamiento de los deberes de custodia,2.0
2017,Illes Balears,12.3.2 Sustracción de menores,1.0
2017,Illes Balears,12.3.3 Abandono de familia,271.0
2017,Illes Balears,12.99 Otros delitos contra las relaciones familiares,0.0
2017,Illes Balears,8 Contra la libertad e indemnidad sexuales,96.0
2017,La Rioja,12 Contra las relaciones familiares,25.0
2017,La Rioja,12.3 Contra los derechos y deberes familiares,25.0
2017,La Rioja,12.3.1 Quebrantamiento de los deberes de custodia,0.0
2017,La Rioja,12.3.2 Sustracción de menores,0.0
2017,La Rioja,12.3.3 Abandono de familia,25.0
2017,La Rioja,12.99 Otros delitos contra las relaciones familiares,0.0
2017,La Rioja,8 Contra la libertad e indemnidad sexuales,17.0
2017,Melilla,12 Contra las relaciones familiares,10.0
2017,Melilla,12.3 Contra los derechos y deberes familiares,10.0
2017,Melilla,12.3.1 Quebrantamiento de los deberes de custodia,0.0
2017,Melilla,12.3.2 Sustracción de menores,0.0
2017,Melilla,12.3.3 Abandono de familia,10.0
2017,Melilla,12.99 Otros delitos contra las relaciones familiares,0.0
2017,Melilla,8 Contra la libertad e indemnidad sexuales,3.0
2017,Navarra,12 Contra las relaciones familiares,56.0
2017,Navarra,12.3 Contra los derechos y deberes familiares,56.0
2017,Navarra,12.3.1 Quebrantamiento de los deberes de custodia,1.0
2017,Navarra,12.3.2 Sustracción de menores,1.0
2017,Navarra,12.3.3 Abandono de familia,54.0
2017,Navarra,12.99 Otros delitos contra las relaciones familiares,0.0
2017,Navarra,8 Contra la libertad e indemnidad sexuales,71.0
2017,País Vasco,12 Contra las relaciones familiares,135.0
2017,País Vasco,12.3 Contra los derechos y deberes familiares,135.0
2017,País Vasco,12.3.1 Quebrantamiento de los deberes de custodia,0.0
2017,País Vasco,12.3.2 Sustracción de menores,1.0
2017,País Vasco,12.3.3 Abandono de familia,134.0
2017,País Vasco,12.99 Otros delitos contra las relaciones familiares,0.0
2017,País Vasco,8 Contra la libertad e indemnidad sexuales,95.0
2017,Región de Murcia,12 Contra las relaciones familiares,395.0
2017,Región de Murcia,12.3 Contra los derechos y deberes familiares,395.0
2017,Región de Murcia,12.3.1 Quebrantamiento de los deberes de custodia,0.0
2017,Región de Murcia,12.3.2 Sustracción de menores,2.0
2017,Región de Murcia,12.3.3 Abandono de familia,393.0
2017,Región de Murcia,12.99 Otros delitos contra las relaciones familiares,0.0
2017,Región de Murcia,8 Contra la libertad e indemnidad sexuales,100.0
2018,Andalucía,12 Contra las relaciones familiares,1498.0
2018,Andalucía,12.3 Contra los derechos y deberes familiares,1492.0
2018,Andalucía,12.3.1 Quebrantamiento de los deberes de custodia,15.0
2018,Andalucía,12.3.2 Sustracción de menores,6.0
2018,Andalucía,12.3.3 Abandono de familia,1471.0
2018,Andalucía,12.99 Otros delitos contra las relaciones familiares,6.0
2018,Andalucía,8 Contra la libertad e indemnidad sexuales,545.0
2018,Aragón,12 Contra las relaciones familiares,157.0
2018,Aragón,12.3 Contra los derechos y deberes familiares,157.0
2018,Aragón,12.3.1 Quebrantamiento de los deberes de custodia,1.0
2018,Aragón,12.3.2 Sustracción de menores,0.0
2018,Aragón,12.3.3 Abandono de familia,156.0
2018,Aragón,12.99 Otros delitos contra las relaciones familiares,0.0
2018,Aragón,8 Contra la libertad e indemnidad sexuales,86.0
2018,Asturias,12 Contra las relaciones familiares,167.0
2018,Asturias,12.3 Contra los derechos y deberes familiares,167.0
2018,Asturias,12.3.1 Quebrantamiento de los deberes de custodia,2.0
2018,Asturias,12.3.2 Sustracción de menores,0.0
2018,Asturias,12.3.3 Abandono de familia,165.0
2018,Asturias,12.99 Otros delitos contra las relaciones familiares,0.0
2018,Asturias,8 Contra la libertad e indemnidad sexuales,57.0
2018,Canarias,12 Contra las relaciones familiares,475.0
2018,Canarias,12.3 Contra los derechos y deberes familiares,475.0
2018,Canarias,12.3.1 Quebrantamiento de los deberes de custodia,2.0
2018,Canarias,12.3.2 Sustracción de menores,1.0
2018,Canarias,12.3.3 Abandono de familia,472.0
2018,Canarias,12.99 Otros delitos contra las relaciones familiares,0.0
2018,Canarias,8 Contra la libertad e indemnidad sexuales,151.0
2018,Cantabria,12 Contra las relaciones familiares,55.0
2018,Cantabria,12.3 Contra los derechos y deberes familiares,55.0
2018,Cantabria,12.3.1 Quebrantamiento de los deberes de custodia,1.0
2018,Cantabria,12.3.2 Sustracción de menores,0.0
2018,Cantabria,12.3.3 Abandono de familia,54.0
2018,Cantabria,12.99 Otros delitos contra las relaciones familiares,0.0
2018,Cantabria,8 Contra la libertad e indemnidad sexuales,26.0
2018,Castilla y León,12 Contra las relaciones familiares,201.0
2018,Castilla y León,12.3 Contra los derechos y deberes familiares,201.0
2018,Castilla y León,12.3.1 Quebrantamiento de los deberes de custodia,2.0
2018,Castilla y León,12.3.2 Sustracción de menores,0.0
2018,Castilla y León,12.3.3 Abandono de familia,199.0
2018,Castilla y León,12.99 Otros delitos contra las relaciones familiares,0.0
2018,Castilla y León,8 Contra la libertad e indemnidad sexuales,98.0
2018,Castilla-La Mancha,12 Contra las relaciones familiares,276.0
2018,Castilla-La Mancha,12.3 Contra los derechos y deberes familiares,276.0
2018,Castilla-La Mancha,12.3.1 Quebrantamiento de los deberes de custodia,1.0
2018,Castilla-La Mancha,12.3.2 Sustracción de menores,2.0
2018,Castilla-La Mancha,12.3.3 Abandono de familia,273.0
2018,Castilla-La Mancha,12.99 Otros delitos contra las relaciones familiares,0.0
2018,Castilla-La Mancha,8 Contra la libertad e indemnidad sexuales,116.0
2018,Cataluña,12 Contra las relaciones familiares,579.0
2018,Cataluña,12.3 Contra los derechos y deberes familiares,579.0
2018,Cataluña,12.3.1 Quebrantamiento de los deberes de custodia,5.0
2018,Cataluña,12.3.2 Sustracción de menores,3.0
2018,Cataluña,12.3.3 Abandono de familia,571.0
2018,Cataluña,12.99 Otros delitos contra las relaciones familiares,0.0
2018,Cataluña,8 Contra la libertad e indemnidad sexuales,431.0
2018,Ceuta,12 Contra las relaciones familiares,18.0
2018,Ceuta,12.3 Contra los derechos y deberes familiares,18.0
2018,Ceuta,12.3.1 Quebrantamiento de los deberes de custodia,0.0
2018,Ceuta,12.3.2 Sustracción de menores,0.0
2018,Ceuta,12.3.3 Abandono de familia,18.0
2018,Ceuta,12.99 Otros delitos contra las relaciones familiares,0.0
2018,Ceuta,8 Contra la libertad e indemnidad sexuales,11.0
2018,Comunidad de Madrid,12 Contra las relaciones familiares,600.0
2018,Comunidad de Madrid,12.3 Contra los derechos y deberes familiares,594.0
2018,Comunidad de Madrid,12.3.1 Quebrantamiento de los deberes de custodia,2.0
2018,Comunidad de Madrid,12.3.2 Sustracción de menores,4.0
2018,Comunidad de Madrid,12.3.3 Abandono de familia,588.0
2018,Comunidad de Madrid,12.99 Otros delitos contra las relaciones familiares,6.0
2018,Comunidad de Madrid,8 Contra la libertad e indemnidad sexuales,370.0
2018,Comunitat Valenciana,12 Contra las relaciones familiares,978.0
2018,Comunitat Valenciana,12.3 Contra los derechos y deberes familiares,977.0
2018,Comunitat Valenciana,12.3.1 Quebrantamiento de los deberes de custodia,6.0
2018,Comunitat Valenciana,12.3.2 Sustracción de menores,7.0
2018,Comunitat Valenciana,12.3.3 Abandono de familia,964.0
2018,Comunitat Valenciana,12.99 Otros delitos contra las relaciones familiares,1.0
2018,Comunitat Valenciana,8 Contra la libertad e indemnidad sexuales,439.0
2018,Extremadura,12 Contra las relaciones familiares,154.0
2018,Extremadura,12.3 Contra los derechos y deberes familiares,153.0
2018,Extremadura,12.3.1 Quebrantamiento de los deberes de custodia,2.0
2018,Extremadura,12.3.2 Sustracción de menores,0.0
2018,Extremadura,12.3.3 Abandono de familia,151.0
2018,Extremadura,12.99 Otros delitos contra las relaciones familiares,1.0
2018,Extremadura,8 Contra la libertad e indemnidad sexuales,53.0
2018,Galicia,12 Contra las relaciones familiares,238.0
2018,Galicia,12.3 Contra los derechos y deberes familiares,237.0
2018,Galicia,12.3.1 Quebrantamiento de los deberes de custodia,1.0
2018,Galicia,12.3.2 Sustracción de menores,6.0
2018,Galicia,12.3.3 Abandono de familia,230.0
2018,Galicia,12.99 Otros delitos contra las relaciones familiares,1.0
2018,Galicia,8 Contra la libertad e indemnidad sexuales,78.0
2018,Illes Balears,12 Contra las relaciones familiares,192.0
2018,Illes Balears,12.3 Contra los derechos y deberes familiares,192.0
2018,Illes Balears,12.3.1 Quebrantamiento de los deberes de custodia,1.0
2018,Illes Balears,12.3.2 Sustracción de menores,6.0
2018,Illes Balears,12.3.3 Abandono de familia,185.0
2018,Illes Balears,12.99 Otros delitos contra las relaciones familiares,0.0
2018,Illes Balears,8 Contra la libertad e indemnidad sexuales,89.0
2018,La Rioja,12 Contra las relaciones familiares,30.0
2018,La Rioja,12.3 Contra los derechos y deberes familiares,30.0
2018,La Rioja,12.3.1 Quebrantamiento de los deberes de custodia,0.0
2018,La Rioja,12.3.2 Sustracción de menores,0.0
2018,La Rioja,12.3.3 Abandono de familia,30.0
2018,La Rioja,12.99 Otros delitos contra las relaciones familiares,0.0
2018,La Rioja,8 Contra la libertad e indemnidad sexuales,11.0
2018,Melilla,12 Contra las relaciones familiares,5.0
2018,Melilla,12.3 Contra los derechos y deberes familiares,5.0
2018,Melilla,12.3.1 Quebrantamiento de los deberes de custodia,0.0
2018,Melilla,12.3.2 Sustracción de menores,0.0
2018,Melilla,12.3.3 Abandono de familia,5.0
2018,Melilla,12.99 Otros delitos contra las relaciones familiares,0.0
2018,Melilla,8 Contra la libertad e indemnidad sexuales,9.0
2018,Navarra,12 Contra las relaciones familiares,34.0
2018,Navarra,12.3 Contra los derechos y deberes familiares,34.0
2018,Navarra,12.3.1 Quebrantamiento de los deberes de custodia,0.0
2018,Navarra,12.3.2 Sustracción de menores,0.0
2018,Navarra,12.3.3 Abandono de familia,34.0
2018,Navarra,12.99 Otros delitos contra las relaciones familiares,0.0
2018,Navarra,8 Contra la libertad e indemnidad sexuales,67.0
2018,País Vasco,12 Contra las relaciones familiares,135.0
2018,País Vasco,12.3 Contra los derechos y deberes familiares,135.0
2018,País Vasco,12.3.1 Quebrantamiento de los deberes de custodia,0.0
2018,País Vasco,12.3.2 Sustracción de menores,2.0
2018,País Vasco,12.3.3 Abandono de familia,133.0
2018,País Vasco,12.99 Otros delitos contra las relaciones familiares,0.0
2018,País Vasco,8 Contra la libertad e indemnidad sexuales,151.0
2018,Región de Murcia,12 Contra las relaciones familiares,404.0
2018,Región de Murcia,12.3 Contra los derechos y deberes familiares,404.0
2018,Región de Murcia,12.3.1 Quebrantamiento de los deberes de custodia,1.0
2018,Región de Murcia,12.3.2 Sustracción de menores,4.0
2018,Región de Murcia,12.3.3 Abandono de familia,399.0
2018,Región de Murcia,12.99 Otros delitos contra las relaciones familiares,0.0
2018,Región de Murcia,8 Contra la libertad e indemnidad sexuales,129.0
2019,Andalucía,12 Contra las relaciones familiares,1388.0
2019,Andalucía,12.3 Contra los derechos y deberes familiares,1386.0
2019,Andalucía,12.3.1 Quebrantamiento de los deberes de custodia,10.0
2019,Andalucía,12.3.2 Sustracción de menores,2.0
2019,Andalucía,12.3.3 Abandono de familia,1374.0
2019,Andalucía,12.99 Otros delitos contra las relaciones familiares,2.0
2019,Andalucía,8 Contra la libertad e indemnidad sexuales,647.0
2019,Aragón,12 Contra las relaciones familiares,144.0
2019,Aragón,12.3 Contra los derechos y deberes familiares,143.0
2019,Aragón,12.3.1 Quebrantamiento de los deberes de custodia,0.0
2019,Aragón,12.3.2 Sustracción de menores,2.0
2019,Aragón,12.3.3 Abandono de familia,141.0
2019,Aragón,12.99 Otros delitos contra las relaciones familiares,1.0
2019,Aragón,8 Contra la libertad e indemnidad sexuales,72.0
2019,Asturias,12 Contra las relaciones familiares,145.0
2019,Asturias,12.3 Contra los derechos y deberes familiares,145.0
2019,Asturias,12.3.1 Quebrantamiento de los deberes de custodia,1.0
2019,Asturias,12.3.2 Sustracción de menores,6.0
2019,Asturias,12.3.3 Abandono de familia,138.0
2019,Asturias,12.99 Otros delitos contra las relaciones familiares,0.0
2019,Asturias,8 Contra la libertad e indemnidad sexuales,53.0
2019,Canarias,12 Contra las relaciones familiares,387.0
2019,Canarias,12.3 Contra los derechos y deberes familiares,387.0
2019,Canarias,12.3.1 Quebrantamiento de los deberes de custodia,1.0
2019,Canarias,12.3.2 Sustracción de menores,1.0
2019,Canarias,12.3.3 Abandono de familia,385.0
2019,Canarias,12.99 Otros delitos contra las relaciones familiares,0.0
2019,Canarias,8 Contra la libertad e indemnidad sexuales,146.0
2019,Cantabria,12 Contra las relaciones familiares,59.0
2019,Cantabria,12.3 Contra los derechos y deberes familiares,59.0
2019,Cantabria,12.3.1 Quebrantamiento de los deberes de custodia,0.0
2019,Cantabria,12.3.2 Sustracción de menores,0.0
2019,Cantabria,12.3.3 Abandono de familia,59.0
2019,Cantabria,12.99 Otros delitos contra las relaciones familiares,0.0
2019,Cantabria,8 Contra la libertad e indemnidad sexuales,37.0
2019,Castilla y León,12 Contra las relaciones familiares,215.0
2019,Castilla y León,12.3 Contra los derechos y deberes familiares,215.0
2019,Castilla y León,12.3.1 Quebrantamiento de los deberes de custodia,2.0
2019,Castilla y León,12.3.2 Sustracción de menores,4.0
2019,Castilla y León,12.3.3 Abandono de familia,209.0
2019,Castilla y León,12.99 Otros delitos contra las relaciones familiares,0.0
2019,Castilla y León,8 Contra la libertad e indemnidad sexuales,140.0
2019,Castilla-La Mancha,12 Contra las relaciones familiares,251.0
2019,Castilla-La Mancha,12.3 Contra los derechos y deberes familiares,251.0
2019,Castilla-La Mancha,12.3.1 Quebrantamiento de los deberes de custodia,1.0
2019,Castilla-La Mancha,12.3.2 Sustracción de menores,7.0
2019,Castilla-La Mancha,12.3.3 Abandono de familia,243.0
2019,Castilla-La Mancha,12.99 Otros delitos contra las relaciones familiares,0.0
2019,Castilla-La Mancha,8 Contra la libertad e indemnidad sexuales,134.0
2019,Cataluña,12 Contra las relaciones familiares,552.0
2019,Cataluña,12.3 Contra los derechos y deberes familiares,552.0
2019,Cataluña,12.3.1 Quebrantamiento de los deberes de custodia,1.0
2019,Cataluña,12.3.2 Sustracción de menores,5.0
2019,Cataluña,12.3.3 Abandono de familia,546.0
2019,Cataluña,12.99 Otros delitos contra las relaciones familiares,0.0
2019,Cataluña,8 Contra la libertad e indemnidad sexuales,435.0
2019,Ceuta,12 Contra las relaciones familiares,38.0
2019,Ceuta,12.3 Contra los derechos y deberes familiares,38.0
2019,Ceuta,12.3.1 Quebrantamiento de los deberes de custodia,0.0
2019,Ceuta,12.3.2 Sustracción de menores,0.0
2019,Ceuta,12.3.3 Abandono de familia,38.0
2019,Ceuta,12.99 Otros delitos contra las relaciones familiares,0.0
2019,Ceuta,8 Contra la libertad e indemnidad sexuales,5.0
2019,Comunidad de Madrid,12 Contra las relaciones familiares,583.0
2019,Comunidad de Madrid,12.3 Contra los derechos y deberes familiares,579.0
2019,Comunidad de Madrid,12.3.1 Quebrantamiento de los deberes de custodia,4.0
2019,Comunidad de Madrid,12.3.2 Sustracción de menores,1.0
2019,Comunidad de Madrid,12.3.3 Abandono de familia,574.0
2019,Comunidad de Madrid,12.99 Otros delitos contra las relaciones familiares,4.0
2019,Comunidad de Madrid,8 Contra la libertad e indemnidad sexuales,520.0
2019,Comunitat Valenciana,12 Contra las relaciones familiares,862.0
2019,Comunitat Valenciana,12.3 Contra los derechos y deberes familiares,858.0
2019,Comunitat Valenciana,12.3.1 Quebrantamiento de los deberes de custodia,4.0
2019,Comunitat Valenciana,12.3.2 Sustracción de menores,0.0
2019,Comunitat Valenciana,12.3.3 Abandono de familia,854.0
2019,Comunitat Valenciana,12.99 Otros delitos contra las relaciones familiares,4.0
2019,Comunitat Valenciana,8 Contra la libertad e indemnidad sexuales,431.0
2019,Extremadura,12 Contra las relaciones familiares,138.0
2019,Extremadura,12.3 Contra los derechos y deberes familiares,138.0
2019,Extremadura,12.3.1 Quebrantamiento de los deberes de custodia,2.0
2019,Extremadura,12.3.2 Sustracción de menores,0.0
2019,Extremadura,12.3.3 Abandono de familia,136.0
2019,Extremadura,12.99 Otros delitos contra las relaciones familiares,0.0
2019,Extremadura,8 Contra la libertad e indemnidad sexuales,67.0
2019,Galicia,12 Contra las relaciones familiares,292.0
2019,Galicia,12.3 Contra los derechos y deberes familiares,292.0
2019,Galicia,12.3.1 Quebrantamiento de los deberes de custodia,1.0
2019,Galicia,12.3.2 Sustracción de menores,1.0
2019,Galicia,12.3.3 Abandono de familia,290.0
2019,Galicia,12.99 Otros delitos contra las relaciones familiares,0.0
2019,Galicia,8 Contra la libertad e indemnidad sexuales,109.0
2019,Illes Balears,12 Contra las relaciones familiares,184.0
2019,Illes Balears,12.3 Contra los derechos y deberes familiares,184.0
2019,Illes Balears,12.3.1 Quebrantamiento de los deberes de custodia,0.0
2019,Illes Balears,12.3.2 Sustracción de menores,0.0
2019,Illes Balears,12.3.3 Abandono de familia,184.0
2019,Illes Balears,12.99 Otros delitos contra las relaciones familiares,0.0
2019,Illes Balears,8 Contra la libertad e indemnidad sexuales,108.0
2019,La Rioja,12 Contra las relaciones familiares,25.0
2019,La Rioja,12.3 Contra los derechos y deberes familiares,25.0
2019,La Rioja,12.3.1 Quebrantamiento de los deberes de custodia,0.0
2019,La Rioja,12.3.2 Sustracción de menores,0.0
2019,La Rioja,12.3.3 Abandono de familia,25.0
2019,La Rioja,12.99 Otros delitos contra las relaciones familiares,0.0
2019,La Rioja,8 Contra la libertad e indemnidad sexuales,18.0
2019,Melilla,12 Contra las relaciones familiares,7.0
2019,Melilla,12.3 Contra los derechos y deberes familiares,7.0
2019,Melilla,12.3.1 Quebrantamiento de los deberes de custodia,0.0
2019,Melilla,12.3.2 Sustracción de menores,0.0
2019,Melilla,12.3.3 Abandono de familia,7.0
2019,Melilla,12.99 Otros delitos contra las relaciones familiares,0.0
2019,Melilla,8 Contra la libertad e indemnidad sexuales,7.0
2019,Navarra,12 Contra las relaciones familiares,30.0
2019,Navarra,12.3 Contra los derechos y deberes familiares,30.0
2019,Navarra,12.3.1 Quebrantamiento de los deberes de custodia,0.0
2019,Navarra,12.3.2 Sustracción de menores,0.0
2019,Navarra,12.3.3 Abandono de familia,30.0
2019,Navarra,12.99 Otros delitos contra las relaciones familiares,0.0
2019,Navarra,8 Contra la libertad e indemnidad sexuales,72.0
2019,País Vasco,12 Contra las relaciones familiares,138.0
2019,País Vasco,12.3 Contra los derechos y deberes familiares,138.0
2019,País Vasco,12.3.1 Quebrantamiento de los deberes de custodia,0.0
2019,País Vasco,12.3.2 Sustracción de menores,1.0
2019,País Vasco,12.3.3 Abandono de familia,137.0
2019,País Vasco,12.99 Otros delitos contra las relaciones familiares,0.0
2019,País Vasco,8 Contra la libertad e indemnidad sexuales,167.0
2019,Región de Murcia,12 Contra las relaciones familiares,383.0
2019,Región de Murcia,12.3 Contra los derechos y deberes familiares,383.0
2019,Región de Murcia,12.3.1 Quebrantamiento de los deberes de custodia,4.0
2019,Región de Murcia,12.3.2 Sustracción de menores,0.0
2019,Región de Murcia,12.3.3 Abandono de familia,379.0
2019,Región de Murcia,12.99 Otros delitos contra las relaciones familiares,0.0
2019,Región de Murcia,8 Contra la libertad e indemnidad sexuales,128.0
2020,Andalucía,12 Contra las relaciones familiares,1070.0
2020,Andalucía,12.3 Contra los derechos y deberes familiares,1069.0
2020,Andalucía,12.3.1 Quebrantamiento de los deberes de custodia,2.0
2020,Andalucía,12.3.2 Sustracción de menores,6.0
2020,Andalucía,12.3.3 Abandono de familia,1061.0
2020,Andalucía,12.99 Otros delitos contra las relaciones familiares,1.0
2020,Andalucía,8 Contra la libertad e indemnidad sexuales,572.0
2020,Aragón,12 Contra las relaciones familiares,128.0
2020,Aragón,12.3 Contra los derechos y deberes familiares,128.0
2020,Aragón,12.3.1 Quebrantamiento de los deberes de custodia,2.0
2020,Aragón,12.3.2 Sustracción de menores,0.0
2020,Aragón,12.3.3 Abandono de familia,126.0
2020,Aragón,12.99 Otros delitos contra las relaciones familiares,0.0
2020,Aragón,8 Contra la libertad e indemnidad sexuales,66.0
2020,Asturias,12 Contra las relaciones familiares,91.0
2020,Asturias,12.3 Contra los derechos y deberes familiares,91.0
2020,Asturias,12.3.1 Quebrantamiento de los deberes de custodia,0.0
2020,Asturias,12.3.2 Sustracción de menores,0.0
2020,Asturias,12.3.3 Abandono de familia,91.0
2020,Asturias,12.99 Otros delitos contra las relaciones familiares,0.0
2020,Asturias,8 Contra la libertad e indemnidad sexuales,56.0
2020,Canarias,12 Contra las relaciones familiares,252.0
2020,Canarias,12.3 Contra los derechos y deberes familiares,252.0
2020,Canarias,12.3.1 Quebrantamiento de los deberes de custodia,0.0
2020,Canarias,12.3.2 Sustracción de menores,1.0
2020,Canarias,12.3.3 Abandono de familia,251.0
2020,Canarias,12.99 Otros delitos contra las relaciones familiares,0.0
2020,Canarias,8 Contra la libertad e indemnidad sexuales,123.0
2020,Cantabria,12 Contra las relaciones familiares,48.0
2020,Cantabria,12.3 Contra los derechos y deberes familiares,48.0
2020,Cantabria,12.3.1 Quebrantamiento de los deberes de custodia,0.0
2020,Cantabria,12.3.2 Sustracción de menores,0.0
2020,Cantabria,12.3.3 Abandono de familia,48.0
2020,Cantabria,12.99 Otros delitos contra las relaciones familiares,0.0
2020,Cantabria,8 Contra la libertad e indemnidad sexuales,26.0
2020,Castilla y León,12 Contra las relaciones familiares,138.0
2020,Castilla y León,12.3 Contra los derechos y deberes familiares,138.0
2020,Castilla y León,12.3.1 Quebrantamiento de los deberes de custodia,1.0
2020,Castilla y León,12.3.2 Sustracción de menores,2.0
2020,Castilla y León,12.3.3 Abandono de familia,135.0
2020,Castilla y León,12.99 Otros delitos contra las relaciones familiares,0.0
2020,Castilla y León,8 Contra la libertad e indemnidad sexuales,100.0
2020,Castilla-La Mancha,12 Contra las relaciones familiares,164.0
2020,Castilla-La Mancha,12.3 Contra los derechos y deberes familiares,164.0
2020,Castilla-La Mancha,12.3.1 Quebrantamiento de los deberes de custodia,0.0
2020,Castilla-La Mancha,12.3.2 Sustracción de menores,1.0
2020,Castilla-La Mancha,12.3.3 Abandono de familia,163.0
2020,Castilla-La Mancha,12.99 Otros delitos contra las relaciones familiares,0.0
2020,Castilla-La Mancha,8 Contra la libertad e indemnidad sexuales,108.0
2020,Cataluña,12 Contra las relaciones familiares,397.0
2020,Cataluña,12.3 Contra los derechos y deberes familiares,395.0
2020,Cataluña,12.3.1 Quebrantamiento de los deberes de custodia,0.0
2020,Cataluña,12.3.2 Sustracción de menores,4.0
2020,Cataluña,12.3.3 Abandono de familia,391.0
2020,Cataluña,12.99 Otros delitos contra las relaciones familiares,2.0
2020,Cataluña,8 Contra la libertad e indemnidad sexuales,438.0
2020,Ceuta,12 Contra las relaciones familiares,16.0
2020,Ceuta,12.3 Contra los derechos y deberes familiares,16.0
2020,Ceuta,12.3.1 Quebrantamiento de los deberes de custodia,0.0
2020,Ceuta,12.3.2 Sustracción de menores,0.0
2020,Ceuta,12.3.3 Abandono de familia,16.0
2020,Ceuta,12.99 Otros delitos contra las relaciones familiares,0.0
2020,Ceuta,8 Contra la libertad e indemnidad sexuales,7.0
2020,Comunidad de Madrid,12 Contra las relaciones familiares,382.0
2020,Comunidad de Madrid,12.3 Contra los derechos y deberes familiares,382.0
2020,Comunidad de Madrid,12.3.1 Quebrantamiento de los deberes de custodia,1.0
2020,Comunidad de Madrid,12.3.2 Sustracción de menores,2.0
2020,Comunidad de Madrid,12.3.3 Abandono de familia,379.0
2020,Comunidad de Madrid,12.99 Otros delitos contra las relaciones familiares,0.0
2020,Comunidad de Madrid,8 Contra la libertad e indemnidad sexuales,411.0
2020,Comunitat Valenciana,12 Contra las relaciones familiares,694.0
2020,Comunitat Valenciana,12.3 Contra los derechos y deberes familiares,678.0
2020,Comunitat Valenciana,12.3.1 Quebrantamiento de los deberes de custodia,0.0
2020,Comunitat Valenciana,12.3.2 Sustracción de menores,2.0
2020,Comunitat Valenciana,12.3.3 Abandono de familia,676.0
2020,Comunitat Valenciana,12.99 Otros delitos contra las relaciones familiares,16.0
2020,Comunitat Valenciana,8 Contra la libertad e indemnidad sexuales,426.0
2020,Extremadura,12 Contra las relaciones familiares,117.0
2020,Extremadura,12.3 Contra los derechos y deberes familiares,117.0
2020,Extremadura,12.3.1 Quebrantamiento de los deberes de custodia,0.0
2020,Extremadura,12.3.2 Sustracción de menores,1.0
2020,Extremadura,12.3.3 Abandono de familia,116.0
2020,Extremadura,12.99 Otros delitos contra las relaciones familiares,0.0
2020,Extremadura,8 Contra la libertad e indemnidad sexuales,68.0
2020,Galicia,12 Contra las relaciones familiares,187.0
2020,Galicia,12.3 Contra los derechos y deberes familiares,187.0
2020,Galicia,12.3.1 Quebrantamiento de los deberes de custodia,1.0
2020,Galicia,12.3.2 Sustracción de menores,0.0
2020,Galicia,12.3.3 Abandono de familia,186.0
2020,Galicia,12.99 Otros delitos contra las relaciones familiares,0.0
2020,Galicia,8 Contra la libertad e indemnidad sexuales,99.0
2020,Illes Balears,12 Contra las relaciones familiares,145.0
2020,Illes Balears,12.3 Contra los derechos y deberes familiares,145.0
2020,Illes Balears,12.3.1 Quebrantamiento de los deberes de custodia,0.0
2020,Illes Balears,12.3.2 Sustracción de menores,0.0
2020,Illes Balears,12.3.3 Abandono de familia,145.0
2020,Illes Balears,12.99 Otros delitos contra las relaciones familiares,0.0
2020,Illes Balears,8 Contra la libertad e indemnidad sexuales,76.0
2020,La Rioja,12 Contra las relaciones familiares,12.0
2020,La Rioja,12.3 Contra los derechos y deberes familiares,12.0
2020,La Rioja,12.3.1 Quebrantamiento de los deberes de custodia,1.0
2020,La Rioja,12.3.2 Sustracción de menores,0.0
2020,La Rioja,12.3.3 Abandono de familia,11.0
2020,La Rioja,12.99 Otros delitos contra las relaciones familiares,0.0
2020,La Rioja,8 Contra la libertad e indemnidad sexuales,12.0
2020,Melilla,12 Contra las relaciones familiares,14.0
2020,Melilla,12.3 Contra los derechos y deberes familiares,14.0
2020,Melilla,12.3.1 Quebrantamiento de los deberes de custodia,0.0
2020,Melilla,12.3.2 Sustracción de menores,0.0
2020,Melilla,12.3.3 Abandono de familia,14.0
2020,Melilla,12.99 Otros delitos contra las relaciones familiares,0.0
2020,Melilla,8 Contra la libertad e indemnidad sexuales,3.0
2020,Navarra,12 Contra las relaciones familiares,38.0
2020,Navarra,12.3 Contra los derechos y deberes familiares,38.0
2020,Navarra,12.3.1 Quebrantamiento de los deberes de custodia,0.0
2020,Navarra,12.3.2 Sustracción de menores,0.0
2020,Navarra,12.3.3 Abandono de familia,38.0
2020,Navarra,12.99 Otros delitos contra las relaciones familiares,0.0
2020,Navarra,8 Contra la libertad e indemnidad sexuales,40.0
2020,País Vasco,12 Contra las relaciones familiares,87.0
2020,País Vasco,12.3 Contra los derechos y deberes familiares,87.0
2020,País Vasco,12.3.1 Quebrantamiento de los deberes de custodia,0.0
2020,País Vasco,12.3.2 Sustracción de menores,0.0
2020,País Vasco,12.3.3 Abandono de familia,87.0
2020,País Vasco,12.99 Otros delitos contra las relaciones familiares,0.0
2020,País Vasco,8 Contra la libertad e indemnidad sexuales,158.0
2020,Región de Murcia,12 Contra las relaciones familiares,213.0
2020,Región de Murcia,12.3 Contra los derechos y deberes familiares,213.0
2020,Región de Murcia,12.3.1 Quebrantamiento de los deberes de custodia,1.0
2020,Región de Murcia,12.3.2 Sustracción de menores,5.0
2020,Región de Murcia,12.3.3 Abandono de familia,207.0
2020,Región de Murcia,12.99 Otros delitos contra las relaciones familiares,0.0
2020,Región de Murcia,8 Contra la libertad e indemnidad sexuales,96.0
2021,Andalucía,12 Contra las relaciones familiares,1295.0
2021,Andalucía,12.3 Contra los derechos y deberes familiares,1293.0
2021,Andalucía,12.3.1 Quebrantamiento de los deberes de custodia,10.0
2021,Andalucía,12.3.2 Sustracción de menores,8.0
2021,Andalucía,12.3.3 Abandono de familia,1275.0
2021,Andalucía,12.99 Otros delitos contra las relaciones familiares,2.0
2021,Andalucía,8 Contra la libertad e indemnidad sexuales,686.0
2021,Aragón,12 Contra las relaciones familiares,127.0
2021,Aragón,12.3 Contra los derechos y deberes familiares,127.0
2021,Aragón,12.3.1 Quebrantamiento de los deberes de custodia,1.0
2021,Aragón,12.3.2 Sustracción de menores,1.0
2021,Aragón,12.3.3 Abandono de familia,125.0
2021,Aragón,12.99 Otros delitos contra las relaciones familiares,0.0
2021,Aragón,8 Contra la libertad e indemnidad sexuales,113.0
2021,Asturias,12 Contra las relaciones familiares,96.0
2021,Asturias,12.3 Contra los derechos y deberes familiares,96.0
2021,Asturias,12.3.1 Quebrantamiento de los deberes de custodia,0.0
2021,Asturias,12.3.2 Sustracción de menores,0.0
2021,Asturias,12.3.3 Abandono de familia,96.0
2021,Asturias,12.99 Otros delitos contra las relaciones familiares,0.0
2021,Asturias,8 Contra la libertad e indemnidad sexuales,88.0
2021,Canarias,12 Contra las relaciones familiares,334.0
2021,Canarias,12.3 Contra los derechos y deberes familiares,334.0
2021,Canarias,12.3.1 Quebrantamiento de los deberes de custodia,0.0
2021,Canarias,12.3.2 Sustracción de menores,1.0
2021,Canarias,12.3.3 Abandono de familia,333.0
2021,Canarias,12.99 Otros delitos contra las relaciones familiares,0.0
2021,Canarias,8 Contra la libertad e indemnidad sexuales,237.0
2021,Cantabria,12 Contra las relaciones familiares,42.0
2021,Cantabria,12.3 Contra los derechos y deberes familiares,42.0
2021,Cantabria,12.3.1 Quebrantamiento de los deberes de custodia,0.0
2021,Cantabria,12.3.2 Sustracción de menores,0.0
2021,Cantabria,12.3.3 Abandono de familia,42.0
2021,Cantabria,12.99 Otros delitos contra las relaciones familiares,0.0
2021,Cantabria,8 Contra la libertad e indemnidad sexuales,29.0
2021,Castilla y León,12 Contra las relaciones familiares,161.0
2021,Castilla y León,12.3 Contra los derechos y deberes familiares,161.0
2021,Castilla y León,12.3.1 Quebrantamiento de los deberes de custodia,1.0
2021,Castilla y León,12.3.2 Sustracción de menores,1.0
2021,Castilla y León,12.3.3 Abandono de familia,159.0
2021,Castilla y León,12.99 Otros delitos contra las relaciones familiares,0.0
2021,Castilla y León,8 Contra la libertad e indemnidad sexuales,147.0
2021,Castilla-La Mancha,12 Contra las relaciones familiares,189.0
2021,Castilla-La Mancha,12.3 Contra los derechos y deberes familiares,189.0
2021,Castilla-La Mancha,12.3.1 Quebrantamiento de los deberes de custodia,1.0
2021,Castilla-La Mancha,12.3.2 Sustracción de menores,0.0
2021,Castilla-La Mancha,12.3.3 Abandono de familia,188.0
2021,Castilla-La Mancha,12.99 Otros delitos contra las relaciones familiares,0.0
2021,Castilla-La Mancha,8 Contra la libertad e indemnidad sexuales,108.0
2021,Cataluña,12 Contra las relaciones familiares,446.0
2021,Cataluña,12.3 Contra los derechos y deberes familiares,446.0
2021,Cataluña,12.3.1 Quebrantamiento de los deberes de custodia,0.0
2021,Cataluña,12.3.2 Sustracción de menores,7.0
2021,Cataluña,12.3.3 Abandono de familia,439.0
2021,Cataluña,12.99 Otros delitos contra las relaciones familiares,0.0
2021,Cataluña,8 Contra la libertad e indemnidad sexuales,536.0
2021,Ceuta,12 Contra las relaciones familiares,23.0
2021,Ceuta,12.3 Contra los derechos y deberes familiares,23.0
2021,Ceuta,12.3.1 Quebrantamiento de los deberes de custodia,0.0
2021,Ceuta,12.3.2 Sustracción de menores,0.0
2021,Ceuta,12.3.3 Abandono de familia,23.0
2021,Ceuta,12.99 Otros delitos contra las relaciones familiares,0.0
2021,Ceuta,8 Contra la libertad e indemnidad sexuales,8.0
2021,Comunidad de Madrid,12 Contra las relaciones familiares,408.0
2021,Comunidad de Madrid,12.3 Contra los derechos y deberes familiares,407.0
2021,Comunidad de Madrid,12.3.1 Quebrantamiento de los deberes de custodia,2.0
2021,Comunidad de Madrid,12.3.2 Sustracción de menores,4.0
2021,Comunidad de Madrid,12.3.3 Abandono de familia,401.0
2021,Comunidad de Madrid,12.99 Otros delitos contra las relaciones familiares,1.0
2021,Comunidad de Madrid,8 Contra la libertad e indemnidad sexuales,675.0
2021,Comunitat Valenciana,12 Contra las relaciones familiares,845.0
2021,Comunitat Valenciana,12.3 Contra los derechos y deberes familiares,844.0
2021,Comunitat Valenciana,12.3.1 Quebrantamiento de los deberes de custodia,1.0
2021,Comunitat Valenciana,12.3.2 Sustracción de menores,7.0
2021,Comunitat Valenciana,12.3.3 Abandono de familia,836.0
2021,Comunitat Valenciana,12.99 Otros delitos contra las relaciones familiares,1.0
2021,Comunitat Valenciana,8 Contra la libertad e indemnidad sexuales,459.0
2021,Extremadura,12 Contra las relaciones familiares,176.0
2021,Extremadura,12.3 Contra los derechos y deberes familiares,176.0
2021,Extremadura,12.3.1 Quebrantamiento de los deberes de custodia,1.0
2021,Extremadura,12.3.2 Sustracción de menores,0.0
2021,Extremadura,12.3.3 Abandono de familia,175.0
2021,Extremadura,12.99 Otros delitos contra las relaciones familiares,0.0
2021,Extremadura,8 Contra la libertad e indemnidad sexuales,72.0
2021,Galicia,12 Contra las relaciones familiares,231.0
2021,Galicia,12.3 Contra los derechos y deberes familiares,231.0
2021,Galicia,12.3.1 Quebrantamiento de los deberes de custodia,0.0
2021,Galicia,12.3.2 Sustracción de menores,1.0
2021,Galicia,12.3.3 Abandono de familia,230.0
2021,Galicia,12.99 Otros delitos contra las relaciones familiares,0.0
2021,Galicia,8 Contra la libertad e indemnidad sexuales,145.0
2021,Illes Balears,12 Contra las relaciones familiares,164.0
2021,Illes Balears,12.3 Contra los derechos y deberes familiares,164.0
2021,Illes Balears,12.3.1 Quebrantamiento de los deberes de custodia,0.0
2021,Illes Balears,12.3.2 Sustracción de menores,2.0
2021,Illes Balears,12.3.3 Abandono de familia,162.0
2021,Illes Balears,12.99 Otros delitos contra las relaciones familiares,0.0
2021,Illes Balears,8 Contra la libertad e indemnidad sexuales,104.0
2021,La Rioja,12 Contra las relaciones familiares,27.0
2021,La Rioja,12.3 Contra los derechos y deberes familiares,27.0
2021,La Rioja,12.3.1 Quebrantamiento de los deberes de custodia,0.0
2021,La Rioja,12.3.2 Sustracción de menores,2.0
2021,La Rioja,12.3.3 Abandono de familia,25.0
2021,La Rioja,12.99 Otros delitos contra las relaciones familiares,0.0
2021,La Rioja,8 Contra la libertad e indemnidad sexuales,28.0
2021,Melilla,12 Contra las relaciones familiares,1.0
2021,Melilla,12.3 Contra los derechos y deberes familiares,1.0
2021,Melilla,12.3.1 Quebrantamiento de los deberes de custodia,0.0
2021,Melilla,12.3.2 Sustracción de menores,0.0
2021,Melilla,12.3.3 Abandono de familia,1.0
2021,Melilla,12.99 Otros delitos contra las relaciones familiares,0.0
2021,Melilla,8 Contra la libertad e indemnidad sexuales,4.0
2021,Navarra,12 Contra las relaciones familiares,42.0
2021,Navarra,12.3 Contra los derechos y deberes familiares,42.0
2021,Navarra,12.3.1 Quebrantamiento de los deberes de custodia,0.0
2021,Navarra,12.3.2 Sustracción de menores,1.0
2021,Navarra,12.3.3 Abandono de familia,41.0
2021,Navarra,12.99 Otros delitos contra las relaciones familiares,0.0
2021,Navarra,8 Contra la libertad e indemnidad sexuales,71.0
2021,País Vasco,12 Contra las relaciones familiares,121.0
2021,País Vasco,12.3 Contra los derechos y deberes familiares,121.0
2021,País Vasco,12.3.1 Quebrantamiento de los deberes de custodia,0.0
2021,País Vasco,12.3.2 Sustracción de menores,2.0
2021,País Vasco,12.3.3 Abandono de familia,119.0
2021,País Vasco,12.99 Otros delitos contra las relaciones familiares,0.0
2021,País Vasco,8 Contra la libertad e indemnidad sexuales,219.0
2021,Región de Murcia,12 Contra las relaciones familiares,359.0
2021,Región de Murcia,12.3 Contra los derechos y deberes familiares,359.0
2021,Región de Murcia,12.3.1 Quebrantamiento de los deberes de custodia,2.0
2021,Región de Murcia,12.3.2 Sustracción de menores,0.0
2021,Región de Murcia,12.3.3 Abandono de familia,357.0
2021,Región de Murcia,12.99 Otros delitos contra las relaciones familiares,0.0
2021,Región de Murcia,8 Contra la libertad e indemnidad sexuales,152.0
2022,Andalucía,12 Contra las relaciones familiares,1373.0
2022,Andalucía,12.3 Contra los derechos y deberes familiares,1369.0
2022,Andalucía,12.3.1 Quebrantamiento de los deberes de custodia,12.0
2022,Andalucía,12.3.2 Sustracción de menores,5.0
2022,Andalucía,12.3.3 Abandono de familia,1352.0
2022,Andalucía,12.99 Otros delitos contra las relaciones familiares,4.0
2022,Andalucía,8 Contra la libertad e indemnidad sexuales,670.0
2022,Aragón,12 Contra las relaciones familiares,129.0
2022,Aragón,12.3 Contra los derechos y deberes familiares,126.0
2022,Aragón,12.3.1 Quebrantamiento de los deberes de custodia,0.0
2022,Aragón,12.3.2 Sustracción de menores,0.0
2022,Aragón,12.3.3 Abandono de familia,126.0
2022,Aragón,12.99 Otros delitos contra las relaciones familiares,3.0
2022,Aragón,8 Contra la libertad e indemnidad sexuales,83.0
2022,Asturias,12 Contra las relaciones familiares,96.0
2022,Asturias,12.3 Contra los derechos y deberes familiares,96.0
2022,Asturias,12.3.1 Quebrantamiento de los deberes de custodia,3.0
2022,Asturias,12.3.2 Sustracción de menores,1.0
2022,Asturias,12.3.3 Abandono de familia,92.0
2022,Asturias,12.99 Otros delitos contra las relaciones familiares,0.0
2022,Asturias,8 Contra la libertad e indemnidad sexuales,67.0
2022,Canarias,12 Contra las relaciones familiares,296.0
2022,Canarias,12.3 Contra los derechos y deberes familiares,296.0
2022,Canarias,12.3.1 Quebrantamiento de los deberes de custodia,0.0
2022,Canarias,12.3.2 Sustracción de menores,2.0
2022,Canarias,12.3.3 Abandono de familia,294.0
2022,Canarias,12.99 Otros delitos contra las relaciones familiares,0.0
2022,Canarias,8 Contra la libertad e indemnidad sexuales,238.0
2022,Cantabria,12 Contra las relaciones familiares,43.0
2022,Cantabria,12.3 Contra los derechos y deberes familiares,43.0
2022,Cantabria,12.3.1 Quebrantamiento de los deberes de custodia,0.0
2022,Cantabria,12.3.2 Sustracción de menores,2.0
2022,Cantabria,12.3.3 Abandono de familia,41.0
2022,Cantabria,12.99 Otros delitos contra las relaciones familiares,0.0
2022,Cantabria,8 Contra la libertad e indemnidad sexuales,36.0
2022,Castilla y León,12 Contra las relaciones familiares,194.0
2022,Castilla y León,12.3 Contra los derechos y deberes familiares,194.0
2022,Castilla y León,12.3.1 Quebrantamiento de los deberes de custodia,4.0
2022,Castilla y León,12.3.2 Sustracción de menores,5.0
2022,Castilla y León,12.3.3 Abandono de familia,185.0
2022,Castilla y León,12.99 Otros delitos contra las relaciones familiares,0.0
2022,Castilla y León,8 Contra la libertad e indemnidad sexuales,166.0
2022,Castilla-La Mancha,12 Contra las relaciones familiares,228.0
2022,Castilla-La Mancha,12.3 Contra los derechos y deberes familiares,227.0
2022,Castilla-La Mancha,12.3.1 Quebrantamiento de los deberes de custodia,1.0
2022,Castilla-La Mancha,12.3.2 Sustracción de menores,1.0
2022,Castilla-La Mancha,12.3.3 Abandono de familia,225.0
2022,Castilla-La Mancha,12.99 Otros delitos contra las relaciones familiares,1.0
2022,Castilla-La Mancha,8 Contra la libertad e indemnidad sexuales,94.0
2022,Cataluña,12 Contra las relaciones familiares,447.0
2022,Cataluña,12.3 Contra los derechos y deberes familiares,447.0
2022,Cataluña,12.3.1 Quebrantamiento de los deberes de custodia,2.0
2022,Cataluña,12.3.2 Sustracción de menores,10.0
2022,Cataluña,12.3.3 Abandono de familia,435.0
2022,Cataluña,12.99 Otros delitos contra las relaciones familiares,0.0
2022,Cataluña,8 Contra la libertad e indemnidad sexuales,592.0
2022,Ceuta,12 Contra las relaciones familiares,10.0
2022,Ceuta,12.3 Contra los derechos y deberes familiares,10.0
2022,Ceuta,12.3.1 Quebrantamiento de los deberes de custodia,0.0
2022,Ceuta,12.3.2 Sustracción de menores,0.0
2022,Ceuta,12.3.3 Abandono de familia,10.0
2022,Ceuta,12.99 Otros delitos contra las relaciones familiares,0.0
2022,Ceuta,8 Contra la libertad e indemnidad sexuales,9.0
2022,Comunidad de Madrid,12 Contra las relaciones familiares,355.0
2022,Comunidad de Madrid,12.3 Contra los derechos y deberes familiares,354.0
2022,Comunidad de Madrid,12.3.1 Quebrantamiento de los deberes de custodia,1.0
2022,Comunidad de Madrid,12.3.2 Sustracción de menores,2.0
2022,Comunidad de Madrid,12.3.3 Abandono de familia,351.0
2022,Comunidad de Madrid,12.99 Otros delitos contra las relaciones familiares,1.0
2022,Comunidad de Madrid,8 Contra la libertad e indemnidad sexuales,530.0
2022,Comunitat Valenciana,12 Contra las relaciones familiares,729.0
2022,Comunitat Valenciana,12.3 Contra los derechos y deberes familiares,729.0
2022,Comunitat Valenciana,12.3.1 Quebrantamiento de los deberes de custodia,2.0
2022,Comunitat Valenciana,12.3.2 Sustracción de menores,1.0
2022,Comunitat Valenciana,12.3.3 Abandono de familia,726.0
2022,Comunitat Valenciana,12.99 Otros delitos contra las relaciones familiares,0.0
2022,Comunitat Valenciana,8 Contra la libertad e indemnidad sexuales,471.0
2022,Extremadura,12 Contra las relaciones familiares,193.0
2022,Extremadura,12.3 Contra los derechos y deberes familiares,193.0
2022,Extremadura,12.3.1 Quebrantamiento de los deberes de custodia,0.0
2022,Extremadura,12.3.2 Sustracción de menores,3.0
2022,Extremadura,12.3.3 Abandono de familia,190.0
2022,Extremadura,12.99 Otros delitos contra las relaciones familiares,0.0
2022,Extremadura,8 Contra la libertad e indemnidad sexuales,72.0
2022,Galicia,12 Contra las relaciones familiares,236.0
2022,Galicia,12.3 Contra los derechos y deberes familiares,236.0
2022,Galicia,12.3.1 Quebrantamiento de los deberes de custodia,0.0
2022,Galicia,12.3.2 Sustracción de menores,0.0
2022,Galicia,12.3.3 Abandono de familia,236.0
2022,Galicia,12.99 Otros delitos contra las relaciones familiares,0.0
2022,Galicia,8 Contra la libertad e indemnidad sexuales,170.0
2022,Illes Balears,12 Contra las relaciones familiares,189.0
2022,Illes Balears,12.3 Contra los derechos y deberes familiares,189.0
2022,Illes Balears,12.3.1 Quebrantamiento de los deberes de custodia,0.0
2022,Illes Balears,12.3.2 Sustracción de menores,2.0
2022,Illes Balears,12.3.3 Abandono de familia,187.0
2022,Illes Balears,12.99 Otros delitos contra las relaciones familiares,0.0
2022,Illes Balears,8 Contra la libertad e indemnidad sexuales,108.0
2022,La Rioja,12 Contra las relaciones familiares,34.0
2022,La Rioja,12.3 Contra los derechos y deberes familiares,32.0
2022,La Rioja,12.3.1 Quebrantamiento de los deberes de custodia,0.0
2022,La Rioja,12.3.2 Sustracción de menores,1.0
2022,La Rioja,12.3.3 Abandono de familia,31.0
2022,La Rioja,12.99 Otros delitos contra las relaciones familiares,2.0
2022,La Rioja,8 Contra la libertad e indemnidad sexuales,22.0
2022,Melilla,12 Contra las relaciones familiares,5.0
2022,Melilla,12.3 Contra los derechos y deberes familiares,5.0
2022,Melilla,12.3.1 Quebrantamiento de los deberes de custodia,0.0
2022,Melilla,12.3.2 Sustracción de menores,0.0
2022,Melilla,12.3.3 Abandono de familia,5.0
2022,Melilla,12.99 Otros delitos contra las relaciones familiares,0.0
2022,Melilla,8 Contra la libertad e indemnidad sexuales,6.0
2022,Navarra,12 Contra las relaciones familiares,57.0
2022,Navarra,12.3 Contra los derechos y deberes familiares,57.0
2022,Navarra,12.3.1 Quebrantamiento de los deberes de custodia,1.0
2022,Navarra,12.3.2 Sustracción de menores,0.0
2022,Navarra,12.3.3 Abandono de familia,56.0
2022,Navarra,12.99 Otros delitos contra las relaciones familiares,0.0
2022,Navarra,8 Contra la libertad e indemnidad sexuales,68.0
2022,País Vasco,12 Contra las relaciones familiares,97.0
2022,País Vasco,12.3 Contra los derechos y deberes familiares,97.0
2022,País Vasco,12.3.1 Quebrantamiento de los deberes de custodia,1.0
2022,País Vasco,12.3.2 Sustracción de menores,2.0
2022,País Vasco,12.3.3 Abandono de familia,94.0
2022,País Vasco,12.99 Otros delitos contra las relaciones familiares,0.0
2022,País Vasco,8 Contra la libertad e indemnidad sexuales,214.0
2022,Región de Murcia,12 Contra las relaciones familiares,363.0
2022,Región de Murcia,12.3 Contra los derechos y deberes familiares,360.0
2022,Región de Murcia,12.3.1 Quebrantamiento de los deberes de custodia,3.0
2022,Región de Murcia,12.3.2 Sustracción de menores,3.0
2022,Región de Murcia,12.3.3 Abandono de familia,354.0
2022,Región de Murcia,12.99 Otros delitos contra las relaciones familiares,3.0
2022,Región de Murcia,8 Contra la libertad e indemnidad sexuales,169.0
