year,comunidad_autonoma,tipo_divorcio,numero_divorcios
2013,Andalucía,Divorcio No Contencioso,11381.0
2013,Andalucía,Divorcio contencioso,5093.0
2013,Andalucía,Total,16473.0
2013,Aragón,Divorcio No Contencioso,1700.0
2013,Aragón,Divorcio contencioso,449.0
2013,Aragón,Total,2149.0
2013,Asturias,Divorcio No Contencioso,1714.0
2013,Asturias,Divorcio contencioso,513.0
2013,Asturias,Total,2227.0
2013,Canarias,Divorcio No Contencioso,4174.0
2013,Canarias,Divorcio contencioso,1952.0
2013,Canarias,Total,6126.0
2013,Cantabria,Divorcio No Contencioso,884.0
2013,Cantabria,Divorcio contencioso,262.0
2013,Cantabria,Total,1145.0
2013,Castilla y León,Divorcio No Contencioso,2897.0
2013,Castilla y León,Divorcio contencioso,1043.0
2013,Castilla y León,Total,3939.0
2013,Castilla-La Mancha,Divorcio No Contencioso,2443.0
2013,Castilla-La Mancha,Divorcio contencioso,871.0
2013,Castilla-La Mancha,Total,3314.0
2013,Cataluña,Divorcio No Contencioso,14454.0
2013,Cataluña,Divorcio contencioso,3261.0
2013,Cataluña,Total,17715.0
2013,Ceuta,Divorcio No Contencioso,187.0
2013,Ceuta,Divorcio contencioso,32.0
2013,Ceuta,Total,219.0
2013,Comunidad de Madrid,Divorcio No Contencioso,9930.0
2013,Comunidad de Madrid,Divorcio contencioso,3373.0
2013,Comunidad de Madrid,Total,13303.0
2013,Comunitat Valenciana,Divorcio No Contencioso,8960.0
2013,Comunitat Valenciana,Divorcio contencioso,2478.0
2013,Comunitat Valenciana,Total,11438.0
2013,Extremadura,Divorcio No Contencioso,1031.0
2013,Extremadura,Divorcio contencioso,434.0
2013,Extremadura,Total,1465.0
2013,Galicia,Divorcio No Contencioso,3932.0
2013,Galicia,Divorcio contencioso,1359.0
2013,Galicia,Total,5291.0
2013,Illes Balears,Divorcio No Contencioso,1889.0
2013,Illes Balears,Divorcio contencioso,501.0
2013,Illes Balears,Total,2389.0
2013,La Rioja,Divorcio No Contencioso,474.0
2013,La Rioja,Divorcio contencioso,125.0
2013,La Rioja,Total,599.0
2013,Melilla,Divorcio No Contencioso,108.0
2013,Melilla,Divorcio contencioso,73.0
2013,Melilla,Total,181.0
2013,Navarra,Divorcio No Contencioso,930.0
2013,Navarra,Divorcio contencioso,124.0
2013,Navarra,Total,1054.0
2013,País Vasco,Divorcio No Contencioso,2846.0
2013,País Vasco,Divorcio contencioso,726.0
2013,País Vasco,Total,3572.0
2013,Región de Murcia,Divorcio No Contencioso,2027.0
2013,Región de Murcia,Divorcio contencioso,799.0
2013,Región de Murcia,Total,2826.0
2014,Andalucía,Divorcio No Contencioso,12244.0
2014,Andalucía,Divorcio contencioso,5133.0
2014,Andalucía,Total,17377.0
2014,Aragón,Divorcio No Contencioso,1827.0
2014,Aragón,Divorcio contencioso,555.0
2014,Aragón,Total,2382.0
2014,Asturias,Divorcio No Contencioso,1788.0
2014,Asturias,Divorcio contencioso,669.0
2014,Asturias,Total,2456.0
2014,Canarias,Divorcio No Contencioso,3723.0
2014,Canarias,Divorcio contencioso,1660.0
2014,Canarias,Total,5383.0
2014,Cantabria,Divorcio No Contencioso,938.0
2014,Cantabria,Divorcio contencioso,297.0
2014,Cantabria,Total,1235.0
2014,Castilla y León,Divorcio No Contencioso,3117.0
2014,Castilla y León,Divorcio contencioso,1019.0
2014,Castilla y León,Total,4137.0
2014,Castilla-La Mancha,Divorcio No Contencioso,2629.0
2014,Castilla-La Mancha,Divorcio contencioso,868.0
2014,Castilla-La Mancha,Total,3497.0
2014,Cataluña,Divorcio No Contencioso,15474.0
2014,Cataluña,Divorcio contencioso,3266.0
2014,Cataluña,Total,18740.0
2014,Ceuta,Divorcio No Contencioso,147.0
2014,Ceuta,Divorcio contencioso,63.0
2014,Ceuta,Total,210.0
2014,Comunidad de Madrid,Divorcio No Contencioso,11195.0
2014,Comunidad de Madrid,Divorcio contencioso,3415.0
2014,Comunidad de Madrid,Total,14611.0
2014,Comunitat Valenciana,Divorcio No Contencioso,9157.0
2014,Comunitat Valenciana,Divorcio contencioso,2632.0
2014,Comunitat Valenciana,Total,11789.0
2014,Extremadura,Divorcio No Contencioso,1389.0
2014,Extremadura,Divorcio contencioso,477.0
2014,Extremadura,Total,1867.0
2014,Galicia,Divorcio No Contencioso,4164.0
2014,Galicia,Divorcio contencioso,1507.0
2014,Galicia,Total,5671.0
2014,Illes Balears,Divorcio No Contencioso,1921.0
2014,Illes Balears,Divorcio contencioso,470.0
2014,Illes Balears,Total,2391.0
2014,La Rioja,Divorcio No Contencioso,552.0
2014,La Rioja,Divorcio contencioso,161.0
2014,La Rioja,Total,713.0
2014,Melilla,Divorcio No Contencioso,84.0
2014,Melilla,Divorcio contencioso,92.0
2014,Melilla,Total,175.0
2014,Navarra,Divorcio No Contencioso,1049.0
2014,Navarra,Divorcio contencioso,218.0
2014,Navarra,Total,1267.0
2014,País Vasco,Divorcio No Contencioso,3106.0
2014,País Vasco,Divorcio contencioso,775.0
2014,País Vasco,Total,3881.0
2014,Región de Murcia,Divorcio No Contencioso,2142.0
2014,Región de Murcia,Divorcio contencioso,821.0
2014,Región de Murcia,Total,2963.0
2015,Andalucía,Divorcio No Contencioso,11934.0
2015,Andalucía,Divorcio contencioso,5096.0
2015,Andalucía,Total,17030.0
2015,Aragón,Divorcio No Contencioso,2207.0
2015,Aragón,Divorcio contencioso,647.0
2015,Aragón,Total,2853.0
2015,Asturias,Divorcio No Contencioso,1666.0
2015,Asturias,Divorcio contencioso,598.0
2015,Asturias,Total,2264.0
2015,Canarias,Divorcio No Contencioso,3454.0
2015,Canarias,Divorcio contencioso,1551.0
2015,Canarias,Total,5005.0
2015,Cantabria,Divorcio No Contencioso,987.0
2015,Cantabria,Divorcio contencioso,313.0
2015,Cantabria,Total,1300.0
2015,Castilla y León,Divorcio No Contencioso,2833.0
2015,Castilla y León,Divorcio contencioso,1032.0
2015,Castilla y León,Total,3865.0
2015,Castilla-La Mancha,Divorcio No Contencioso,2948.0
2015,Castilla-La Mancha,Divorcio contencioso,990.0
2015,Castilla-La Mancha,Total,3938.0
2015,Cataluña,Divorcio No Contencioso,14997.0
2015,Cataluña,Divorcio contencioso,3065.0
2015,Cataluña,Total,18062.0
2015,Comunidad de Madrid,Divorcio No Contencioso,10071.0
2015,Comunidad de Madrid,Divorcio contencioso,3118.0
2015,Comunidad de Madrid,Total,13189.0
2015,Comunitat Valenciana,Divorcio No Contencioso,8313.0
2015,Comunitat Valenciana,Divorcio contencioso,2492.0
2015,Comunitat Valenciana,Total,10805.0
2015,Extremadura,Divorcio No Contencioso,1331.0
2015,Extremadura,Divorcio contencioso,515.0
2015,Extremadura,Total,1846.0
2015,Galicia,Divorcio No Contencioso,3976.0
2015,Galicia,Divorcio contencioso,1517.0
2015,Galicia,Total,5494.0
2015,Illes Balears,Divorcio No Contencioso,1979.0
2015,Illes Balears,Divorcio contencioso,444.0
2015,Illes Balears,Total,2423.0
2015,La Rioja,Divorcio No Contencioso,455.0
2015,La Rioja,Divorcio contencioso,117.0
2015,La Rioja,Total,572.0
2015,Melilla,Divorcio No Contencioso,156.0
2015,Melilla,Divorcio contencioso,34.0
2015,Melilla,Total,190.0
2015,Navarra,Divorcio No Contencioso,883.0
2015,Navarra,Divorcio contencioso,236.0
2015,Navarra,Total,1119.0
2015,País Vasco,Divorcio No Contencioso,3131.0
2015,País Vasco,Divorcio contencioso,739.0
2015,País Vasco,Total,3870.0
2015,Región de Murcia,Divorcio No Contencioso,1957.0
2015,Región de Murcia,Divorcio contencioso,780.0
2015,Región de Murcia,Total,2736.0
2016,Andalucía,Divorcio No Contencioso,12108.0
2016,Andalucía,Divorcio contencioso,4861.0
2016,Andalucía,Total,16969.0
2016,Aragón,Divorcio No Contencioso,1870.0
2016,Aragón,Divorcio contencioso,519.0
2016,Aragón,Total,2389.0
2016,Asturias,Divorcio No Contencioso,1738.0
2016,Asturias,Divorcio contencioso,527.0
2016,Asturias,Total,2265.0
2016,Canarias,Divorcio No Contencioso,3421.0
2016,Canarias,Divorcio contencioso,1554.0
2016,Canarias,Total,4975.0
2016,Cantabria,Divorcio No Contencioso,884.0
2016,Cantabria,Divorcio contencioso,291.0
2016,Cantabria,Total,1174.0
2016,Castilla y León,Divorcio No Contencioso,2951.0
2016,Castilla y León,Divorcio contencioso,970.0
2016,Castilla y León,Total,3921.0
2016,Castilla-La Mancha,Divorcio No Contencioso,2638.0
2016,Castilla-La Mancha,Divorcio contencioso,996.0
2016,Castilla-La Mancha,Total,3634.0
2016,Cataluña,Divorcio No Contencioso,14979.0
2016,Cataluña,Divorcio contencioso,2953.0
2016,Cataluña,Total,17931.0
2016,Ceuta,Divorcio No Contencioso,151.0
2016,Ceuta,Divorcio contencioso,65.0
2016,Ceuta,Total,215.0
2016,Comunidad de Madrid,Divorcio No Contencioso,10200.0
2016,Comunidad de Madrid,Divorcio contencioso,2979.0
2016,Comunidad de Madrid,Total,13179.0
2016,Comunitat Valenciana,Divorcio No Contencioso,9274.0
2016,Comunitat Valenciana,Divorcio contencioso,2629.0
2016,Comunitat Valenciana,Total,11904.0
2016,Extremadura,Divorcio No Contencioso,1321.0
2016,Extremadura,Divorcio contencioso,466.0
2016,Extremadura,Total,1787.0
2016,Galicia,Divorcio No Contencioso,3933.0
2016,Galicia,Divorcio contencioso,1404.0
2016,Galicia,Total,5337.0
2016,Illes Balears,Divorcio No Contencioso,1918.0
2016,Illes Balears,Divorcio contencioso,466.0
2016,Illes Balears,Total,2383.0
2016,La Rioja,Divorcio No Contencioso,505.0
2016,La Rioja,Divorcio contencioso,124.0
2016,La Rioja,Total,629.0
2016,Melilla,Divorcio No Contencioso,112.0
2016,Melilla,Divorcio contencioso,58.0
2016,Melilla,Total,170.0
2016,Navarra,Divorcio No Contencioso,914.0
2016,Navarra,Divorcio contencioso,244.0
2016,Navarra,Total,1157.0
2016,País Vasco,Divorcio No Contencioso,3180.0
2016,País Vasco,Divorcio contencioso,683.0
2016,País Vasco,Total,3863.0
2016,Región de Murcia,Divorcio No Contencioso,2066.0
2016,Región de Murcia,Divorcio contencioso,874.0
2016,Región de Murcia,Total,2940.0
2017,Andalucía,Divorcio No Contencioso,12752.0
2017,Andalucía,Divorcio contencioso,4685.0
2017,Andalucía,Total,17437.0
2017,Aragón,Divorcio No Contencioso,1796.0
2017,Aragón,Divorcio contencioso,490.0
2017,Aragón,Total,2286.0
2017,Asturias,Divorcio No Contencioso,1742.0
2017,Asturias,Divorcio contencioso,510.0
2017,Asturias,Total,2252.0
2017,Canarias,Divorcio No Contencioso,3677.0
2017,Canarias,Divorcio contencioso,1431.0
2017,Canarias,Total,5108.0
2017,Cantabria,Divorcio No Contencioso,987.0
2017,Cantabria,Divorcio contencioso,284.0
2017,Cantabria,Total,1271.0
2017,Castilla y León,Divorcio No Contencioso,2919.0
2017,Castilla y León,Divorcio contencioso,949.0
2017,Castilla y León,Total,3868.0
2017,Castilla-La Mancha,Divorcio No Contencioso,2854.0
2017,Castilla-La Mancha,Divorcio contencioso,876.0
2017,Castilla-La Mancha,Total,3730.0
2017,Cataluña,Divorcio No Contencioso,14336.0
2017,Cataluña,Divorcio contencioso,3196.0
2017,Cataluña,Total,17532.0
2017,Ceuta,Divorcio No Contencioso,112.0
2017,Ceuta,Divorcio contencioso,100.0
2017,Ceuta,Total,212.0
2017,Comunidad de Madrid,Divorcio No Contencioso,11142.0
2017,Comunidad de Madrid,Divorcio contencioso,2967.0
2017,Comunidad de Madrid,Total,14109.0
2017,Comunitat Valenciana,Divorcio No Contencioso,9020.0
2017,Comunitat Valenciana,Divorcio contencioso,2307.0
2017,Comunitat Valenciana,Total,11327.0
2017,Extremadura,Divorcio No Contencioso,1359.0
2017,Extremadura,Divorcio contencioso,465.0
2017,Extremadura,Total,1824.0
2017,Galicia,Divorcio No Contencioso,3964.0
2017,Galicia,Divorcio contencioso,1455.0
2017,Galicia,Total,5419.0
2017,Illes Balears,Divorcio No Contencioso,2026.0
2017,Illes Balears,Divorcio contencioso,522.0
2017,Illes Balears,Total,2548.0
2017,La Rioja,Divorcio No Contencioso,456.0
2017,La Rioja,Divorcio contencioso,118.0
2017,La Rioja,Total,574.0
2017,Melilla,Divorcio No Contencioso,111.0
2017,Melilla,Divorcio contencioso,62.0
2017,Melilla,Total,172.0
2017,Navarra,Divorcio No Contencioso,948.0
2017,Navarra,Divorcio contencioso,402.0
2017,Navarra,Total,1350.0
2017,País Vasco,Divorcio No Contencioso,3151.0
2017,País Vasco,Divorcio contencioso,714.0
2017,País Vasco,Total,3865.0
2017,Región de Murcia,Divorcio No Contencioso,2265.0
2017,Región de Murcia,Divorcio contencioso,810.0
2017,Región de Murcia,Total,3075.0
2018,Andalucía,Divorcio No Contencioso,12478.0
2018,Andalucía,Divorcio contencioso,4457.0
2018,Andalucía,Total,16935.0
2018,Aragón,Divorcio No Contencioso,2026.0
2018,Aragón,Divorcio contencioso,511.0
2018,Aragón,Total,2538.0
2018,Asturias,Divorcio No Contencioso,1605.0
2018,Asturias,Divorcio contencioso,473.0
2018,Asturias,Total,2078.0
2018,Canarias,Divorcio No Contencioso,3643.0
2018,Canarias,Divorcio contencioso,1317.0
2018,Canarias,Total,4960.0
2018,Cantabria,Divorcio No Contencioso,918.0
2018,Cantabria,Divorcio contencioso,262.0
2018,Cantabria,Total,1181.0
2018,Castilla y León,Divorcio No Contencioso,3033.0
2018,Castilla y León,Divorcio contencioso,1015.0
2018,Castilla y León,Total,4048.0
2018,Castilla-La Mancha,Divorcio No Contencioso,2779.0
2018,Castilla-La Mancha,Divorcio contencioso,1015.0
2018,Castilla-La Mancha,Total,3795.0
2018,Cataluña,Divorcio No Contencioso,14297.0
2018,Cataluña,Divorcio contencioso,2752.0
2018,Cataluña,Total,17049.0
2018,Ceuta,Divorcio No Contencioso,99.0
2018,Ceuta,Divorcio contencioso,100.0
2018,Ceuta,Total,199.0
2018,Comunidad de Madrid,Divorcio No Contencioso,9933.0
2018,Comunidad de Madrid,Divorcio contencioso,2940.0
2018,Comunidad de Madrid,Total,12873.0
2018,Comunitat Valenciana,Divorcio No Contencioso,9187.0
2018,Comunitat Valenciana,Divorcio contencioso,2345.0
2018,Comunitat Valenciana,Total,11533.0
2018,Extremadura,Divorcio No Contencioso,1397.0
2018,Extremadura,Divorcio contencioso,398.0
2018,Extremadura,Total,1795.0
2018,Galicia,Divorcio No Contencioso,3814.0
2018,Galicia,Divorcio contencioso,1138.0
2018,Galicia,Total,4953.0
2018,Illes Balears,Divorcio No Contencioso,2050.0
2018,Illes Balears,Divorcio contencioso,449.0
2018,Illes Balears,Total,2498.0
2018,La Rioja,Divorcio No Contencioso,474.0
2018,La Rioja,Divorcio contencioso,123.0
2018,La Rioja,Total,597.0
2018,Melilla,Divorcio No Contencioso,95.0
2018,Melilla,Divorcio contencioso,66.0
2018,Melilla,Total,161.0
2018,Navarra,Divorcio No Contencioso,846.0
2018,Navarra,Divorcio contencioso,375.0
2018,Navarra,Total,1221.0
2018,País Vasco,Divorcio No Contencioso,3134.0
2018,País Vasco,Divorcio contencioso,748.0
2018,País Vasco,Total,3882.0
2018,Región de Murcia,Divorcio No Contencioso,2171.0
2018,Región de Murcia,Divorcio contencioso,788.0
2018,Región de Murcia,Total,2958.0
2019,Andalucía,Divorcio No Contencioso,12901.0
2019,Andalucía,Divorcio contencioso,4177.0
2019,Andalucía,Total,17078.0
2019,Aragón,Divorcio No Contencioso,1657.0
2019,Aragón,Divorcio contencioso,384.0
2019,Aragón,Total,2041.0
2019,Asturias,Divorcio No Contencioso,1678.0
2019,Asturias,Divorcio contencioso,417.0
2019,Asturias,Total,2095.0
2019,Canarias,Divorcio No Contencioso,3343.0
2019,Canarias,Divorcio contencioso,1083.0
2019,Canarias,Total,4425.0
2019,Cantabria,Divorcio No Contencioso,949.0
2019,Cantabria,Divorcio contencioso,228.0
2019,Cantabria,Total,1178.0
2019,Castilla y León,Divorcio No Contencioso,3073.0
2019,Castilla y León,Divorcio contencioso,938.0
2019,Castilla y León,Total,4011.0
2019,Castilla-La Mancha,Divorcio No Contencioso,2671.0
2019,Castilla-La Mancha,Divorcio contencioso,1126.0
2019,Castilla-La Mancha,Total,3797.0
2019,Cataluña,Divorcio No Contencioso,13552.0
2019,Cataluña,Divorcio contencioso,2576.0
2019,Cataluña,Total,16129.0
2019,Ceuta,Divorcio No Contencioso,90.0
2019,Ceuta,Divorcio contencioso,52.0
2019,Ceuta,Total,141.0
2019,Comunidad de Madrid,Divorcio No Contencioso,9810.0
2019,Comunidad de Madrid,Divorcio contencioso,2684.0
2019,Comunidad de Madrid,Total,12495.0
2019,Comunitat Valenciana,Divorcio No Contencioso,8749.0
2019,Comunitat Valenciana,Divorcio contencioso,2050.0
2019,Comunitat Valenciana,Total,10799.0
2019,Extremadura,Divorcio No Contencioso,1336.0
2019,Extremadura,Divorcio contencioso,419.0
2019,Extremadura,Total,1755.0
2019,Galicia,Divorcio No Contencioso,3534.0
2019,Galicia,Divorcio contencioso,1103.0
2019,Galicia,Total,4637.0
2019,Illes Balears,Divorcio No Contencioso,2060.0
2019,Illes Balears,Divorcio contencioso,387.0
2019,Illes Balears,Total,2447.0
2019,La Rioja,Divorcio No Contencioso,412.0
2019,La Rioja,Divorcio contencioso,131.0
2019,La Rioja,Total,543.0
2019,Melilla,Divorcio No Contencioso,72.0
2019,Melilla,Divorcio contencioso,25.0
2019,Melilla,Total,97.0
2019,Navarra,Divorcio No Contencioso,847.0
2019,Navarra,Divorcio contencioso,284.0
2019,Navarra,Total,1131.0
2019,País Vasco,Divorcio No Contencioso,3516.0
2019,País Vasco,Divorcio contencioso,632.0
2019,País Vasco,Total,4148.0
2019,Región de Murcia,Divorcio No Contencioso,2048.0
2019,Región de Murcia,Divorcio contencioso,651.0
2019,Región de Murcia,Total,2699.0
2020,Andalucía,Divorcio No Contencioso,11114.0
2020,Andalucía,Divorcio contencioso,2878.0
2020,Andalucía,Total,13992.0
2020,Aragón,Divorcio No Contencioso,1357.0
2020,Aragón,Divorcio contencioso,253.0
2020,Aragón,Total,1610.0
2020,Asturias,Divorcio No Contencioso,1390.0
2020,Asturias,Divorcio contencioso,305.0
2020,Asturias,Total,1696.0
2020,Canarias,Divorcio No Contencioso,3096.0
2020,Canarias,Divorcio contencioso,899.0
2020,Canarias,Total,3995.0
2020,Cantabria,Divorcio No Contencioso,785.0
2020,Cantabria,Divorcio contencioso,205.0
2020,Cantabria,Total,990.0
2020,Castilla y León,Divorcio No Contencioso,2778.0
2020,Castilla y León,Divorcio contencioso,701.0
2020,Castilla y León,Total,3479.0
2020,Castilla-La Mancha,Divorcio No Contencioso,2363.0
2020,Castilla-La Mancha,Divorcio contencioso,901.0
2020,Castilla-La Mancha,Total,3264.0
2020,Cataluña,Divorcio No Contencioso,11699.0
2020,Cataluña,Divorcio contencioso,1844.0
2020,Cataluña,Total,13543.0
2020,Ceuta,Divorcio No Contencioso,132.0
2020,Ceuta,Divorcio contencioso,38.0
2020,Ceuta,Total,170.0
2020,Comunidad de Madrid,Divorcio No Contencioso,7952.0
2020,Comunidad de Madrid,Divorcio contencioso,2110.0
2020,Comunidad de Madrid,Total,10061.0
2020,Comunitat Valenciana,Divorcio No Contencioso,7909.0
2020,Comunitat Valenciana,Divorcio contencioso,1472.0
2020,Comunitat Valenciana,Total,9381.0
2020,Extremadura,Divorcio No Contencioso,1156.0
2020,Extremadura,Divorcio contencioso,281.0
2020,Extremadura,Total,1438.0
2020,Galicia,Divorcio No Contencioso,3080.0
2020,Galicia,Divorcio contencioso,741.0
2020,Galicia,Total,3821.0
2020,Illes Balears,Divorcio No Contencioso,1813.0
2020,Illes Balears,Divorcio contencioso,336.0
2020,Illes Balears,Total,2149.0
2020,La Rioja,Divorcio No Contencioso,464.0
2020,La Rioja,Divorcio contencioso,96.0
2020,La Rioja,Total,559.0
2020,Melilla,Divorcio No Contencioso,59.0
2020,Melilla,Divorcio contencioso,68.0
2020,Melilla,Total,126.0
2020,Navarra,Divorcio No Contencioso,799.0
2020,Navarra,Divorcio contencioso,250.0
2020,Navarra,Total,1049.0
2020,País Vasco,Divorcio No Contencioso,2900.0
2020,País Vasco,Divorcio contencioso,447.0
2020,País Vasco,Total,3348.0
2020,Región de Murcia,Divorcio No Contencioso,1892.0
2020,Región de Murcia,Divorcio contencioso,636.0
2020,Región de Murcia,Total,2528.0
2021,Andalucía,Divorcio No Contencioso,12155.0
2021,Andalucía,Divorcio contencioso,4112.0
2021,Andalucía,Total,16267.0
2021,Aragón,Divorcio No Contencioso,1667.0
2021,Aragón,Divorcio contencioso,357.0
2021,Aragón,Total,2024.0
2021,Asturias,Divorcio No Contencioso,1465.0
2021,Asturias,Divorcio contencioso,404.0
2021,Asturias,Total,1869.0
2021,Canarias,Divorcio No Contencioso,3328.0
2021,Canarias,Divorcio contencioso,1074.0
2021,Canarias,Total,4402.0
2021,Cantabria,Divorcio No Contencioso,903.0
2021,Cantabria,Divorcio contencioso,173.0
2021,Cantabria,Total,1076.0
2021,Castilla y León,Divorcio No Contencioso,2601.0
2021,Castilla y León,Divorcio contencioso,750.0
2021,Castilla y León,Total,3351.0
2021,Castilla-La Mancha,Divorcio No Contencioso,2596.0
2021,Castilla-La Mancha,Divorcio contencioso,897.0
2021,Castilla-La Mancha,Total,3492.0
2021,Cataluña,Divorcio No Contencioso,12686.0
2021,Cataluña,Divorcio contencioso,2464.0
2021,Cataluña,Total,15150.0
2021,Ceuta,Divorcio No Contencioso,101.0
2021,Ceuta,Divorcio contencioso,81.0
2021,Ceuta,Total,182.0
2021,Comunidad de Madrid,Divorcio No Contencioso,9858.0
2021,Comunidad de Madrid,Divorcio contencioso,2499.0
2021,Comunidad de Madrid,Total,12356.0
2021,Comunitat Valenciana,Divorcio No Contencioso,7975.0
2021,Comunitat Valenciana,Divorcio contencioso,1998.0
2021,Comunitat Valenciana,Total,9972.0
2021,Extremadura,Divorcio No Contencioso,1220.0
2021,Extremadura,Divorcio contencioso,363.0
2021,Extremadura,Total,1583.0
2021,Galicia,Divorcio No Contencioso,3606.0
2021,Galicia,Divorcio contencioso,1008.0
2021,Galicia,Total,4614.0
2021,Illes Balears,Divorcio No Contencioso,1927.0
2021,Illes Balears,Divorcio contencioso,382.0
2021,Illes Balears,Total,2309.0
2021,La Rioja,Divorcio No Contencioso,425.0
2021,La Rioja,Divorcio contencioso,107.0
2021,La Rioja,Total,532.0
2021,Melilla,Divorcio No Contencioso,73.0
2021,Melilla,Divorcio contencioso,66.0
2021,Melilla,Total,139.0
2021,Navarra,Divorcio No Contencioso,853.0
2021,Navarra,Divorcio contencioso,298.0
2021,Navarra,Total,1151.0
2021,País Vasco,Divorcio No Contencioso,2812.0
2021,País Vasco,Divorcio contencioso,586.0
2021,País Vasco,Total,3398.0
2021,Región de Murcia,Divorcio No Contencioso,2201.0
2021,Región de Murcia,Divorcio contencioso,782.0
2021,Región de Murcia,Total,2982.0
2022,Andalucía,Divorcio No Contencioso,11424.0
2022,Andalucía,Divorcio contencioso,3390.0
2022,Andalucía,Total,14814.0
2022,Aragón,Divorcio No Contencioso,1787.0
2022,Aragón,Divorcio contencioso,386.0
2022,Aragón,Total,2173.0
2022,Asturias,Divorcio No Contencioso,1419.0
2022,Asturias,Divorcio contencioso,337.0
2022,Asturias,Total,1756.0
2022,Canarias,Divorcio No Contencioso,3316.0
2022,Canarias,Divorcio contencioso,1007.0
2022,Canarias,Total,4323.0
2022,Cantabria,Divorcio No Contencioso,789.0
2022,Cantabria,Divorcio contencioso,208.0
2022,Cantabria,Total,997.0
2022,Castilla y León,Divorcio No Contencioso,2412.0
2022,Castilla y León,Divorcio contencioso,741.0
2022,Castilla y León,Total,3153.0
2022,Castilla-La Mancha,Divorcio No Contencioso,2158.0
2022,Castilla-La Mancha,Divorcio contencioso,957.0
2022,Castilla-La Mancha,Total,3115.0
2022,Cataluña,Divorcio No Contencioso,11916.0
2022,Cataluña,Divorcio contencioso,2236.0
2022,Cataluña,Total,14152.0
2022,Ceuta,Divorcio No Contencioso,127.0
2022,Ceuta,Divorcio contencioso,77.0
2022,Ceuta,Total,204.0
2022,Comunidad de Madrid,Divorcio No Contencioso,9396.0
2022,Comunidad de Madrid,Divorcio contencioso,2150.0
2022,Comunidad de Madrid,Total,11546.0
2022,Comunitat Valenciana,Divorcio No Contencioso,7982.0
2022,Comunitat Valenciana,Divorcio contencioso,1720.0
2022,Comunitat Valenciana,Total,9702.0
2022,Extremadura,Divorcio No Contencioso,1186.0
2022,Extremadura,Divorcio contencioso,271.0
2022,Extremadura,Total,1456.0
2022,Galicia,Divorcio No Contencioso,3416.0
2022,Galicia,Divorcio contencioso,871.0
2022,Galicia,Total,4286.0
2022,Illes Balears,Divorcio No Contencioso,1881.0
2022,Illes Balears,Divorcio contencioso,354.0
2022,Illes Balears,Total,2235.0
2022,La Rioja,Divorcio No Contencioso,382.0
2022,La Rioja,Divorcio contencioso,99.0
2022,La Rioja,Total,481.0
2022,Melilla,Divorcio No Contencioso,76.0
2022,Melilla,Divorcio contencioso,61.0
2022,Melilla,Total,137.0
2022,Navarra,Divorcio No Contencioso,733.0
2022,Navarra,Divorcio contencioso,284.0
2022,Navarra,Total,1017.0
2022,País Vasco,Divorcio No Contencioso,2611.0
2022,País Vasco,Divorcio contencioso,459.0
2022,País Vasco,Total,3070.0
2022,Región de Murcia,Divorcio No Contencioso,2022.0
2022,Región de Murcia,Divorcio contencioso,661.0
2022,Región de Murcia,Total,2683.0
2023,Andalucía,Divorcio No Contencioso,10365.0
2023,Andalucía,Divorcio contencioso,2754.0
2023,Andalucía,Total,13119.0
2023,Aragón,Divorcio No Contencioso,1747.0
2023,Aragón,Divorcio contencioso,326.0
2023,Aragón,Total,2073.0
2023,Asturias,Divorcio No Contencioso,1293.0
2023,Asturias,Divorcio contencioso,240.0
2023,Asturias,Total,1532.0
2023,Canarias,Divorcio No Contencioso,3286.0
2023,Canarias,Divorcio contencioso,829.0
2023,Canarias,Total,4115.0
2023,Cantabria,Divorcio No Contencioso,759.0
2023,Cantabria,Divorcio contencioso,159.0
2023,Cantabria,Total,918.0
2023,Castilla y León,Divorcio No Contencioso,2340.0
2023,Castilla y León,Divorcio contencioso,612.0
2023,Castilla y León,Total,2952.0
2023,Castilla-La Mancha,Divorcio No Contencioso,2366.0
2023,Castilla-La Mancha,Divorcio contencioso,659.0
2023,Castilla-La Mancha,Total,3025.0
2023,Cataluña,Divorcio No Contencioso,11292.0
2023,Cataluña,Divorcio contencioso,2298.0
2023,Cataluña,Total,13590.0
2023,Ceuta,Divorcio No Contencioso,128.0
2023,Ceuta,Divorcio contencioso,63.0
2023,Ceuta,Total,190.0
2023,Comunidad de Madrid,Divorcio No Contencioso,8756.0
2023,Comunidad de Madrid,Divorcio contencioso,1927.0
2023,Comunidad de Madrid,Total,10683.0
2023,Comunitat Valenciana,Divorcio No Contencioso,8118.0
2023,Comunitat Valenciana,Divorcio contencioso,1657.0
2023,Comunitat Valenciana,Total,9775.0
2023,Extremadura,Divorcio No Contencioso,1042.0
2023,Extremadura,Divorcio contencioso,246.0
2023,Extremadura,Total,1287.0
2023,Galicia,Divorcio No Contencioso,3546.0
2023,Galicia,Divorcio contencioso,803.0
2023,Galicia,Total,4349.0
2023,Illes Balears,Divorcio No Contencioso,1836.0
2023,Illes Balears,Divorcio contencioso,290.0
2023,Illes Balears,Total,2126.0
2023,La Rioja,Divorcio No Contencioso,347.0
2023,La Rioja,Divorcio contencioso,115.0
2023,La Rioja,Total,462.0
2023,Melilla,Divorcio No Contencioso,74.0
2023,Melilla,Divorcio contencioso,20.0
2023,Melilla,Total,94.0
2023,Navarra,Divorcio No Contencioso,830.0
2023,Navarra,Divorcio contencioso,206.0
2023,Navarra,Total,1036.0
2023,País Vasco,Divorcio No Contencioso,2616.0
2023,País Vasco,Divorcio contencioso,453.0
2023,País Vasco,Total,3069.0
2023,Región de Murcia,Divorcio No Contencioso,1840.0
2023,Región de Murcia,Divorcio contencioso,449.0
2023,Región de Murcia,Total,2288.0
2024,Andalucía,Divorcio No Contencioso,11218.0
2024,Andalucía,Divorcio contencioso,3361.0
2024,Andalucía,Total,14579.0
2024,Aragón,Divorcio No Contencioso,1732.0
2024,Aragón,Divorcio contencioso,406.0
2024,Aragón,Total,2137.0
2024,Asturias,Divorcio No Contencioso,1438.0
2024,Asturias,Divorcio contencioso,387.0
2024,Asturias,Total,1825.0
2024,Canarias,Divorcio No Contencioso,3306.0
2024,Canarias,Divorcio contencioso,1105.0
2024,Canarias,Total,4411.0
2024,Cantabria,Divorcio No Contencioso,842.0
2024,Cantabria,Divorcio contencioso,229.0
2024,Cantabria,Total,1071.0
2024,Castilla y León,Divorcio No Contencioso,2680.0
2024,Castilla y León,Divorcio contencioso,712.0
2024,Castilla y León,Total,3392.0
2024,Castilla-La Mancha,Divorcio No Contencioso,2566.0
2024,Castilla-La Mancha,Divorcio contencioso,913.0
2024,Castilla-La Mancha,Total,3479.0
2024,Cataluña,Divorcio No Contencioso,11779.0
2024,Cataluña,Divorcio contencioso,2072.0
2024,Cataluña,Total,13852.0
2024,Ceuta,Divorcio No Contencioso,89.0
2024,Ceuta,Divorcio contencioso,102.0
2024,Ceuta,Total,191.0
2024,Comunidad de Madrid,Divorcio No Contencioso,9320.0
2024,Comunidad de Madrid,Divorcio contencioso,2637.0
2024,Comunidad de Madrid,Total,11958.0
2024,Comunitat Valenciana,Divorcio No Contencioso,7809.0
2024,Comunitat Valenciana,Divorcio contencioso,1811.0
2024,Comunitat Valenciana,Total,9619.0
2024,Extremadura,Divorcio No Contencioso,1155.0
2024,Extremadura,Divorcio contencioso,278.0
2024,Extremadura,Total,1432.0
2024,Galicia,Divorcio No Contencioso,3581.0
2024,Galicia,Divorcio contencioso,887.0
2024,Galicia,Total,4467.0
2024,Illes Balears,Divorcio No Contencioso,2079.0
2024,Illes Balears,Divorcio contencioso,304.0
2024,Illes Balears,Total,2383.0
2024,La Rioja,Divorcio No Contencioso,537.0
2024,La Rioja,Divorcio contencioso,137.0
2024,La Rioja,Total,673.0
2024,Melilla,Divorcio No Contencioso,87.0
2024,Melilla,Divorcio contencioso,30.0
2024,Melilla,Total,117.0
2024,Navarra,Divorcio No Contencioso,863.0
2024,Navarra,Divorcio contencioso,212.0
2024,Navarra,Total,1075.0
2024,País Vasco,Divorcio No Contencioso,2959.0
2024,País Vasco,Divorcio contencioso,457.0
2024,País Vasco,Total,3416.0
2024,Región de Murcia,Divorcio No Contencioso,2201.0
2024,Región de Murcia,Divorcio contencioso,712.0
2024,Región de Murcia,Total,2913.0
